eid,exam,description,tid,start_time,end_time,date
0,AA2016E1,"OPERA STUDIES, I",6,14:00,16:15,05-12-2020
1,AA3008E1,HOLLYWOOD & THE EUROPEAN CINEMA,1,11:30,13:45,05-11-2020
2,AAA011E1,INTRODUCTION TO ISLAM,5,11:30,13:45,05-12-2020
3,AAA013E1,INTRODUCTION TO SOCIAL ANTHROPOLOGY,10,14:00,16:15,05-13-2020
4,AAA022E1,THE SOVIET POLITICAL SYSTEM,11,16:30,18:45,05-13-2020
5,AAA024E1,SOVIET FOREIGN POLICY,4,9:00,11:15,05-12-2020
6,AAA033E1,RUSSIAN LANGUAGE FOR BEGINNERS: I(I),1,11:30,13:45,05-11-2020
7,AAA034E1,CLASSICS OF RUSSIAN LITERATURE,0,9:00,11:15,05-11-2020
8,AAB025E1,INTRODUCTION TO THE VIKING AGE,9,11:30,13:45,05-13-2020
9,AAB058E1,RUSSIAN LANGUAGE FOR BEGINNERS 2(I),5,11:30,13:45,05-12-2020
10,B11101E1,FUNDAMENTALS OF HUMAN PHYSIOL & PHARM I,0,9:00,11:15,05-11-2020
11,B11102E1,INTRODUCTORY HUMAN PHYS & PHARM I,7,16:30,18:45,05-12-2020
12,B12301E1,NEUROCHEM & DEVELOPMENTAL NEUROSCIENCE,5,11:30,13:45,05-12-2020
13,B12302E1,CELL EXCITATION,6,14:00,16:15,05-12-2020
14,B12303E1,BASIC MOLECULAR PHARMACOLOGY,9,11:30,13:45,05-13-2020
15,B12320E1,INTEGRATED NEUROPHYSIOLOGY,1,11:30,13:45,05-11-2020
16,B13103E1,NEROPEPTIDES: PAIN AND BEHAVIOUR,0,9:00,11:15,05-11-2020
17,B31101E1,PHARMACEUTICAL & BIOLOGICAL CHEMISTRY,0,9:00,11:15,05-11-2020
18,B31103E1,PHARMACEUTICAL PHYSICAL CHEMISTRY,1,11:30,13:45,05-11-2020
19,B31105E1,PHARMACEUTICAL MICROBIOLOGY 1,3,16:30,18:45,05-11-2020
20,B31107E1,PHYSIOLOGY & PHARMACOLOGY 1,2,14:00,16:15,05-11-2020
21,B32321E1,PHARMACEUTICAL MICROBIOLOGY 2,3,16:30,18:45,05-11-2020
22,B32322E1,BIOPHARMACEUTICS 1,0,9:00,11:15,05-11-2020
23,B32325E1,PHYTOCHEMISTRY & MEDICINAL PLANTS,1,11:30,13:45,05-11-2020
24,B32326E1,MEDICINAL CHEM 1. BIO & MED. HETEROCYC.,2,14:00,16:15,05-11-2020
25,B32327E1,PHYSIOLOGY & PHARMACOLOGY 3,4,9:00,11:15,05-12-2020
26,B33541E1,MOLECULAR PHARMACOLOGY,0,9:00,11:15,05-11-2020
27,B33544E1,MEDICINAL CHEMISTRY 3,1,11:30,13:45,05-11-2020
28,B33545E1,ADVANCED DRUG DELIVERY PHYSIOL & ROUTES,2,14:00,16:15,05-11-2020
29,B33548E1,PHARMACY PRACTICE,3,16:30,18:45,05-11-2020
30,B33549E1,CLINICAL PHARMACY & THERAPEUTICS 1,4,9:00,11:15,05-12-2020
31,B33563E1,DRUG DISCOVERY AND DEVELOPMENT,5,11:30,13:45,05-12-2020
32,C11101E1,ANIMAL FORM AND FUNCTION,2,14:00,16:15,05-11-2020
33,C11105E1,MICROBIOLOGY,6,14:00,16:15,05-12-2020
34,C12321E1,ANIMAL BEHAVIOUR,3,16:30,18:45,05-11-2020
35,C12324E1,PARASITOLOGY,4,9:00,11:15,05-12-2020
36,C12325E1,CANCER BIOLOGY,2,14:00,16:15,05-11-2020
37,C12327E1,CONSERVATION BIOLOGY & BIOGEOGRAPHY,5,11:30,13:45,05-12-2020
38,C12328E1,INSECTS & AGRICULTURE,6,14:00,16:15,05-12-2020
39,C12329E1,NEUROBIOLOGY,7,16:30,18:45,05-12-2020
40,C12331E1,GENE MANIPULATION,4,9:00,11:15,05-12-2020
41,C12332E1,ENVIRONMENTAL MICROBIOLOGY,7,16:30,18:45,05-12-2020
42,C12333E1,GENETICS OF CROP PLANTS,3,16:30,18:45,05-11-2020
43,C12338E1,ECOLOGY,8,9:00,11:15,05-13-2020
44,C13562E1,PARASITE IMMUNOLOGY,3,16:30,18:45,05-11-2020
45,C13563E1,MOLECULAR & CELLULAR NEUROBIOLOGY,5,11:30,13:45,05-12-2020
46,C13564E1,ECOTOXICOLOGY,0,9:00,11:15,05-11-2020
47,C13565E1,EVOLUTION & BEHAVIOUR,3,16:30,18:45,05-11-2020
48,C13567E1,APPLIED MICROBIOLOGY,1,11:30,13:45,05-11-2020
49,C13569E1,FUNDAMENTAL & APP ASPS OF PLNT GEN MAN,3,16:30,18:45,05-11-2020
50,C13571E1,MOLECULAR BIOLOGY OF ION CHANNELS,1,11:30,13:45,05-11-2020
51,C13572E1,CELL & MOLECULAR BIOLOGY OF THE NEURONE,2,14:00,16:15,05-11-2020
52,C13573E1,EVOLUTIONARY ECOLOGY,1,11:30,13:45,05-11-2020
53,C1P001E1,TISSUE CULT:SEX & SOMATIC GENE FOR PL IM,0,9:00,11:15,05-11-2020
54,C41101E1,INTRODUCTION TO HUMAN GENETICS I,0,9:00,11:15,05-11-2020
55,C42304E1,GENETIC ENINEERING & GENE ORG.II (L),1,11:30,13:45,05-11-2020
56,C42306E1,BIOMETRY II,0,9:00,11:15,05-11-2020
57,C42307E1,ECOLOGICAL GENETICS II,6,14:00,16:15,05-12-2020
58,C43511E1,GENETICS AND EVOLUTION III,2,14:00,16:15,05-11-2020
59,C43512E1,GENE CONTROL III,0,9:00,11:15,05-11-2020
60,C52303E1,MEDICAL MICROBIOLOGY,5,11:30,13:45,05-12-2020
61,C71101E1,CELL STRUCTURE & METABOLISM (L),4,9:00,11:15,05-12-2020
62,C72303E1,PROTEIN & GENE FUNCTION IIA,4,9:00,11:15,05-12-2020
63,C73507E1,ADVANCED BIOCHEMISTRY I,1,11:30,13:45,05-11-2020
64,C81HAAE1,ARTIFICIAL INTELLIGENCE 1A,5,11:30,13:45,05-12-2020
65,C81HBAE1,BIOLOGICAL PSYCHOLOGY 1A,13,11:30,13:45,05-14-2020
66,C81HCAE1,COGNITIVE PSYCHOLOGY 1A,8,9:00,11:15,05-13-2020
67,C81HDAE1,DEVELOPMENTAL AND SOCIAL PSYCHOLOGY 1A,11,16:30,18:45,05-13-2020
68,C81IAAE1,INTRO TO ARTIFICIAL INTELLIGENCE 1A,5,11:30,13:45,05-12-2020
69,C81IBAE1,INTRO TO BIOLOGICAL PSYCHOLOGY 1A,8,9:00,11:15,05-13-2020
70,C81ICAE1,INTRO.TO COGNITIVE PSYCHOLOGY 1A,2,14:00,16:15,05-11-2020
71,C81IDAE1,INTRO TO DEVELOPMENTAL & SOCIAL PSYCH,4,9:00,11:15,05-12-2020
72,C81J1AE1,INTRO TO BIOLOGICAL & ART INTELL,0,9:00,11:15,05-11-2020
73,C81J1AE2,INTRO TO BIOLOGICAL & ART INTELL,1,11:30,13:45,05-11-2020
74,C81J2AE1,INTRO TO BIOLOGICAL & COGNITIVE PSYCH 1A,1,11:30,13:45,05-11-2020
75,C81J2AE2,INTRO TO BIOLOGICAL & COGNITIVE PSYCH 1A,3,16:30,18:45,05-11-2020
76,C81J3AE1,"INTRO TO BIOL, DEVEL & SOCIAL PSY 1A",1,11:30,13:45,05-11-2020
77,C81J3AE2,"INTRO TO BIOL, DEVEL & SOCIAL PSY 1A",4,9:00,11:15,05-12-2020
78,C81J4AE1,INTRO TO COGNITIVE PSYCHOLOGY & AI 1A,6,14:00,16:15,05-12-2020
79,C81J4AE2,INTRO TO COGNITIVE PSYCHOLOGY & AI 1A,0,9:00,11:15,05-11-2020
80,C81J5AE1,"INTRO TO COGNIT.,DEVEL.& SOC.PSYCH 1A",4,9:00,11:15,05-12-2020
81,C81J5AE2,"INTRO TO COGNIT.,DEVEL.& SOC.PSYCH 1A",9,11:30,13:45,05-13-2020
82,C81JIAE1,INTRO.TO BIOL.&ARTIFICIAL INTELL.1A,0,9:00,11:15,05-11-2020
83,C81JIAE2,INTRO.TO BIOL.&ARTIFICIAL INTELL.1A,1,11:30,13:45,05-11-2020
84,C81MJAE1,THEORY & STATS & LAB METHS FOR JOINT HON,1,11:30,13:45,05-11-2020
85,C81MSAE1,STATISTICAL METHODS 1A,16,9:00,11:15,05-15-2020
86,C82BCSE1,BIOLOGICAL PSYCH.FOR COGNITIVE SCI.,3,16:30,18:45,05-11-2020
87,C82BUAE1,BIOLOGICAL PSYCHOLOGY 2A,7,16:30,18:45,05-12-2020
88,C82CUAE1,COGNITIVE PSYCHOLOGY 2A,0,9:00,11:15,05-11-2020
89,C82DUAE1,HUMAN DEVELOPMENT 2A,5,11:30,13:45,05-12-2020
90,C82HUAE1,PSYCHOLOGY OF MAINTAINING HEALTH,4,9:00,11:15,05-12-2020
91,C82MCPE1,CONVERSION PROGRAMME DESIGN & ANALYSIS,3,16:30,18:45,05-11-2020
92,C82MHAE1,PRACTICAL AND STATISTICAL METHODS 2A,6,14:00,16:15,05-12-2020
93,C82MJAE1,PRAC.& STAT. METHODS FOR JT.HONS.2A,2,14:00,16:15,05-11-2020
94,C82OUAE1,OCCUPATIONAL PSYCHOLOGY 2A,5,11:30,13:45,05-12-2020
95,C82SUAE1,SOCIAL PSYCHOLOGY 2A,1,11:30,13:45,05-11-2020
96,C83XWHE1,THE PSYCHOLOGY OF WOMEN'S HEALTH,1,11:30,13:45,05-11-2020
97,C8COUAE1,OCCUPATIONAL PSYCHOLOGY 3A: SELEC & TRAI,2,14:00,16:15,05-11-2020
98,C8CXCEE1,PEOPLE & COMPUTERS IN THE WORKPLACE,4,9:00,11:15,05-12-2020
99,C8CXCHE1,CHILD PSYCHOL 3A: DEV OF COMM,6,14:00,16:15,05-12-2020
100,C8CXDLE1,CATS & PROCESSED IN LANGUAGES ACQUISTION,3,16:30,18:45,05-11-2020
101,C8CXESE1,EXPERT SYSTEMS,1,11:30,13:45,05-11-2020
102,C8CXPAE1,UNDERSTANDING PATTENS OF ACTION,0,9:00,11:15,05-11-2020
103,C8P001E1,MSC OCC PSYH/ORGANISIG HEALTH TRAINING,0,9:00,11:15,05-11-2020
104,C8P002E1,MSC OCC PSYCH/ORGAN HEATH SELEC & ASSESS,2,14:00,16:15,05-11-2020
105,D21102E1,"MICROBIOLOGY, AN INTRODUCTION",0,9:00,11:15,05-11-2020
106,D22227E1,"FOOD SCIENCE 6, FOOD FACTORY OPERATIONS",0,9:00,11:15,05-11-2020
107,D23315E1,"BIOLOGY & SOCIETY 2, FOOD, POPULAT & HEA",1,11:30,13:45,05-11-2020
108,D23336E1,"FOOD MICROBIOL 2, THE MICROFLORA OF FOOD",0,9:00,11:15,05-11-2020
109,D23342E1,"HORTICULT CROP PROD 2, FRUIT CROP SCIENC",3,16:30,18:45,05-11-2020
110,D23360E1,PHYSIOL & MOLECULAR PLANT PATHOLOGY,0,9:00,11:15,05-11-2020
111,EN00C1E1,CHEMISTRY A,4,9:00,11:15,05-12-2020
112,EN00P1E1,"LIGHT,WAVES AND ELECTRONS A",5,11:30,13:45,05-12-2020
113,EN00P3E1,THERMAL SCIENCE A,6,14:00,16:15,05-12-2020
114,EN00P5E1,BASIC ENGINEERING MECHANICS A,2,14:00,16:15,05-11-2020
115,EN00P7E1,ELECTRICITY AND MAGNETISM A,3,16:30,18:45,05-11-2020
116,F11I01E1,INTRO INORGANIC CHEM I (L1BCJM),1,11:30,13:45,05-11-2020
117,F11I02E1,FOUNDATION INORGANIC CHEM I (I1H),9,11:30,13:45,05-13-2020
118,F11O01E1,INTRODUCT ORGANIC CHEMISTRY I (01BCJM),8,9:00,11:15,05-13-2020
119,F11O02E1,FOUNDATION ORGANIC CHEMISTRY I (01H),14,14:00,16:15,05-14-2020
120,F11P01E1,INTRODUCTORY PHYSICAL CHEM I (P1BJM),3,16:30,18:45,05-11-2020
121,F11P02E1,FOUNDATION PHYSICAL CHEM I (P1HCJ),3,16:30,18:45,05-11-2020
122,F12I01E1,CORE INORGANIC CHEMISTRY (I3B),0,9:00,11:15,05-11-2020
123,F12I02E1,CORE INORGANIC CHEMISTRY I (I3HC),2,14:00,16:15,05-11-2020
124,F12O01E1,CORE ORGANIC & BIOLOGICAL CHEM I (03B),1,11:30,13:45,05-11-2020
125,F12O02E1,CORE ORGANIC CHEM I (03H),6,14:00,16:15,05-12-2020
126,F12P01E1,CORE PHYSICAL CHEM I (P3B),2,14:00,16:15,05-11-2020
127,F12P02E1,CORE PHYSICAL CHEMISTRY I (P3HC),1,11:30,13:45,05-11-2020
128,F12P03E1,PHYSICAL CHEMISTRY I (P3M),2,14:00,16:15,05-11-2020
129,F12X02E1,GERMAN FOR CHEMISTS (*3),5,11:30,13:45,05-12-2020
130,F12X04E1,CORE CHEMISTRY THEORY I (TH3J),0,9:00,11:15,05-11-2020
131,F12X04E2,CORE CHEMISTRY THEORY I (TH3J),6,14:00,16:15,05-12-2020
132,F12X04E3,CORE CHEMISTRY THEORY I (TH3J),8,9:00,11:15,05-13-2020
133,F12X05E1,BASIC INORGANIC & ORGANIC CHEM.(IO3M),3,16:30,18:45,05-11-2020
134,F13I01E1,BIOINORGANIC CHEMISTRY (I5BJ),0,9:00,11:15,05-11-2020
135,F13I02E1,ADVANCED INORGANIC CHEMISTRY (I5H),3,16:30,18:45,05-11-2020
136,F13I03E1,INORGANIC SOLID STATE CHEM (I5J),5,11:30,13:45,05-12-2020
137,F13I05E1,LASERS IN CHEMISTRY (S5HC),1,11:30,13:45,05-11-2020
138,F13I06E1,THE CHEM OF CORROSION PROCESSES (S5H),2,14:00,16:15,05-11-2020
139,F13O01E1,ADVANCED ORGANIC CHEM I (O5B),2,14:00,16:15,05-11-2020
140,F13O02E1,ADVANCED ORGANIC CHEMISTRY I (05H),4,9:00,11:15,05-12-2020
141,F13O03E1,ADVANCED ORGANIC CHEMISTRY I (05J),11,16:30,18:45,05-13-2020
142,F13O06E1,INDUSTRIAL PRODUCTS & MATERIALS (S5/HJ),0,9:00,11:15,05-11-2020
143,F13P01E1,ADVANCED PHYSICAL CHEMISTRY I (P5HC),0,9:00,11:15,05-11-2020
144,F13P02E1,ADVANCED ANALYTICAL TECHNIQUES (P5M),0,9:00,11:15,05-11-2020
145,F13P03E1,PHYSICAL CHEM OF POLYMERIC MATS (S5HBJ),4,9:00,11:15,05-12-2020
146,F13P05E1,SURFACE SCIENCE (S5HC),3,16:30,18:45,05-11-2020
147,F13X01E1,ADVAN INORGANIC & ORGANIC CHEM (I/O5M),1,11:30,13:45,05-11-2020
148,F13X03E1,ADVANCED CHEMISTRY OPTIONS 1A,1,11:30,13:45,05-11-2020
149,F13X04E1,ADVANCED CHEMISTRY OPTIONS 2A,1,11:30,13:45,05-11-2020
150,F311A1E1,ASTRONOMY,8,9:00,11:15,05-13-2020
151,F311B1E1,BIOPHYSICS,5,11:30,13:45,05-12-2020
152,F311E1E1,ELECTRONICS 1,12,9:00,11:15,05-14-2020
153,F311M0E1,APPLICATIONS OF MATHEMATICS,14,14:00,16:15,05-14-2020
154,F311M1E1,MECHANICS 1,13,11:30,13:45,05-14-2020
155,F311Q1E1,QUANTUM PHYSICS 1,7,16:30,18:45,05-12-2020
156,F311T1E1,HEAT & PROPERTIES OF MATTER,11,16:30,18:45,05-13-2020
157,F311V1E1,PHYSICS OF THE ENVIRONMENT,4,9:00,11:15,05-12-2020
158,F311X1E1,THE UNIVERSE FROM PARTICLES TO GALAXIES,1,11:30,13:45,05-11-2020
159,F311X2E1,THE ENVIRONMENT,10,14:00,16:15,05-13-2020
160,F311X4E1,NORMAL & PARANORMAL SCIENCE,9,11:30,13:45,05-13-2020
161,F311Z1E1,AC THEORY,15,16:30,18:45,05-14-2020
162,F321C6E1,"INTERFACING, COMPUTING & INSTRUMENTATION",0,9:00,11:15,05-11-2020
163,F321E4E1,LINEAR ELECTRONICS,1,11:30,13:45,05-11-2020
164,F321M1E1,MATHEMATICAL PHYSICS,7,16:30,18:45,05-12-2020
165,F321Q2E1,QUANTUM PHYSICS 2,6,14:00,16:15,05-12-2020
166,F321Q6E1,QUANTUM PHYSICS II,5,11:30,13:45,05-12-2020
167,F321Q9E1,QUANTUM MECHANICS,7,16:30,18:45,05-12-2020
168,F321S6E1,SOLID STATE PHYSICS & PROPERT. OF MATTER,3,16:30,18:45,05-11-2020
169,F321T2E1,THERMAL PHYSICS,5,11:30,13:45,05-12-2020
170,F321T6E1,THERMAL PHYSICS & STATISTICAL MECHANICS,9,11:30,13:45,05-13-2020
171,F321Z3E1,VECTOR ANALYSIS & ELECTROMAGNETISM 1,3,16:30,18:45,05-11-2020
172,F331M9E1,ELECTROMAGNETIC WAVES,0,9:00,11:15,05-11-2020
173,F331N3E1,NUCLEAR PHYSICS III,8,9:00,11:15,05-13-2020
174,F331N6E1,RELATIVITY & LOW ENERGY NUCLEAR PHYSICS,7,16:30,18:45,05-12-2020
175,F331O6E1,PHYSICAL AND APPLIED OPTICS,0,9:00,11:15,05-11-2020
176,F331Q3E1,QUANTUM PHYSICS III,4,9:00,11:15,05-12-2020
177,F331S2E1,ELECTRONS IN SOLIDS,7,16:30,18:45,05-12-2020
178,F331S9E1,SOLID STATE PHYSICS (APPLIED)III,9,11:30,13:45,05-13-2020
179,F331X3E1,ADVANCED MECHANICS,2,14:00,16:15,05-11-2020
180,F331X5E1,APPLIED THERMAL PHYSICS,2,14:00,16:15,05-11-2020
181,F331Z4E1,ELECTROMAGNETISM II,1,11:30,13:45,05-11-2020
182,F331Z8E1,PURE & APPLIED ELECTRICITY & MAGNETISM,1,11:30,13:45,05-11-2020
183,F3B1B3E1,MEDICAL PHYSICS,2,14:00,16:15,05-11-2020
184,F3B1X4E1,ASTROPHYSICS,2,14:00,16:15,05-11-2020
185,G111ACE1,ALGEBRA 1C,1,11:30,13:45,05-11-2020
186,G111CCE1,INTRODUCTORY CALCULUS 1C,0,9:00,11:15,05-11-2020
187,G111DGE1,DISCRETE MATHEMATICS 1G,5,11:30,13:45,05-12-2020
188,G111GAE1,GENERAL MATHEMATICS 1A,6,14:00,16:15,05-12-2020
189,G111GBE1,GENERAL MATHEMATICS 1B,6,14:00,16:15,05-12-2020
190,G111MCE1,MATHS & SOC FROM COP TO HAWKING,1,11:30,13:45,05-11-2020
191,G111VAE1,VECTORS AND MATRICES 1A,10,14:00,16:15,05-13-2020
192,G111VBE1,VECTORS AND MATRICES 1B,0,9:00,11:15,05-11-2020
193,G11AS1E1,STATISTICAL METHODS 1,12,9:00,11:15,05-14-2020
194,G11MA1E1,INTRODUCTORY TECHNIQUES AND CONCEPTS,14,14:00,16:15,05-14-2020
195,G11MA2E1,SPECIAL TOPICS,0,9:00,11:15,05-11-2020
196,G11PR1E1,PROBABILITY,2,14:00,16:15,05-11-2020
197,G12AL1E1,LINEAR ALGEBRA,2,14:00,16:15,05-11-2020
198,G12AN1E1,COMPLEX ANALYSIS,3,16:30,18:45,05-11-2020
199,G12ME1E1,CLASSICAL MECHANICS,0,9:00,11:15,05-11-2020
200,G12MM1E1,MATHEMATICAL METHODS,4,9:00,11:15,05-12-2020
201,G12PR1E1,PROBABILITY TECHNIQUES,6,14:00,16:15,05-12-2020
202,G12ST1E1,STATISTICAL INFERENCE,5,11:30,13:45,05-12-2020
203,G13AL4E1,FINITE GROUP THEORY,8,9:00,11:15,05-13-2020
204,G13AN4E1,MEASURE & INTEGRATION,6,14:00,16:15,05-12-2020
205,G13AS5E1,MEDICAL STATISTICS,8,9:00,11:15,05-13-2020
206,G13CM2E1,ALGORITHMIC GRAPH THEORY,3,16:30,18:45,05-11-2020
207,G13CS2E1,STRUCTURED PROGRAMMING 2,4,9:00,11:15,05-12-2020
208,G13LA1E1,HILBERT SPACE,2,14:00,16:15,05-11-2020
209,G13LO1E1,LOGIC,0,9:00,11:15,05-11-2020
210,G13MM2E1,DIFFERENTIAL EQUATIONS,2,14:00,16:15,05-11-2020
211,G13PR2E1,PROBABILITY THEORY,7,16:30,18:45,05-12-2020
212,G13QT1E1,QUANTUM THEORY,6,14:00,16:15,05-12-2020
213,G13RE1E1,DIFFERENTIAL GEOMETRY,1,11:30,13:45,05-11-2020
214,G13RE2E1,SPECIAL RELATIVITY,5,11:30,13:45,05-12-2020
215,G13SP2E1,APPLIED PROBABILITY,4,9:00,11:15,05-12-2020
216,G13ST3E1,FURTHER LINEAR STATISTICAL MODELS,7,16:30,18:45,05-12-2020
217,G13ST6E1,TIME SERIES AND FORECASTING,1,11:30,13:45,05-11-2020
218,G51DSDE1,DIGITAL SYSTEMS DESIGN,4,9:00,11:15,05-12-2020
219,G51HOCE1,HISTORY OF COMPUTERS & COMPUTING,0,9:00,11:15,05-11-2020
220,G51MC1E1,MATHEMATICS FOR COMPUTER SCIENCE 1,3,16:30,18:45,05-11-2020
221,G52ALGE1,ALGORITHMS,1,11:30,13:45,05-11-2020
222,G52OBJE1,OBJECT-ORIENTED METHODS,8,9:00,11:15,05-13-2020
223,G53FSPE1,FORMAL SPECIFICATION,3,16:30,18:45,05-11-2020
224,G53LCTE1,LANGUAGES & COMPILATION TECHNIQUES,7,16:30,18:45,05-12-2020
225,G53RDBE1,THEORY OF RELATIONAL DATABASES,1,11:30,13:45,05-11-2020
226,G53VIPE1,VISUAL IMAGE PROCESSING,5,11:30,13:45,05-12-2020
227,G5ABELE1,BASIC ELECTRONICS,1,11:30,13:45,05-11-2020
228,G5BAIPE1,ARTIFICIAL INTELLIGENCE PROGRAMMING,3,16:30,18:45,05-11-2020
229,G5BCCNE1,COMPUTER COMMUNICATIONS AND NETWORKS,5,11:30,13:45,05-12-2020
230,G5BDBSE1,DATABASE SYSTEMS,6,14:00,16:15,05-12-2020
231,G5BGRAE1,COMPUTER GRAPHICS,4,9:00,11:15,05-12-2020
232,G5BSBBE1,SYSTEMS BUILDING BLOCKS,0,9:00,11:15,05-11-2020
233,G5P002E1,INTRO. TO EXPERT SYSTEMS,2,14:00,16:15,05-11-2020
234,G5P005E1,INDUSTRIAL INFORMATION SYSTEMS,0,9:00,11:15,05-11-2020
235,H21B00E1,PRELIMINARY STUDIES,7,16:30,18:45,05-12-2020
236,H21H01E1,HYDRAULIC ENGINEERING 1,0,9:00,11:15,05-11-2020
237,H21M01E1,CONSTRUCTION MANAGEMENT 1,6,14:00,16:15,05-12-2020
238,H22C20E1,CIVIL ENGINEERING STUDIES 2,2,14:00,16:15,05-11-2020
239,H22G06E1,SUBSIDIARY SOIL MECHANICS,1,11:30,13:45,05-11-2020
240,H22M02E1,CONSTRUCTION MANAGEMENT 2,10,14:00,16:15,05-13-2020
241,H22S02E1,STRUCTURAL ENGINEERING 2,6,14:00,16:15,05-12-2020
242,H22V02E1,ENGINEERING SURVEYING 2,5,11:30,13:45,05-12-2020
243,H23C20E1,CIVIL ENGINEERING STUDIES 2,6,14:00,16:15,05-12-2020
244,H23CEOE1,ENVIRONMENTAL FLUID MECHANICS,1,11:30,13:45,05-11-2020
245,H24C20E1,CIVIL ENGINEERING STUDIES 2,1,11:30,13:45,05-11-2020
246,H2CG03E1,FOUNDATION ENGINEERING,7,16:30,18:45,05-12-2020
247,H2CH04E1,UNSTEADY FLUID MECHANICS,0,9:00,11:15,05-11-2020
248,H2CH05E1,OPEN-CHANNEL HYDRAULICS,5,11:30,13:45,05-12-2020
249,H2CM04E1,CONSTRUCTION PLANNING & CONTROL,9,11:30,13:45,05-13-2020
250,H2CP01E1,PAVEMENT ENGINEERING,2,14:00,16:15,05-11-2020
251,H2CS05E1,CONCRETE STRUCTURES,3,16:30,18:45,05-11-2020
252,H2CS06E1,CONCRETE TECHNOLOGY,10,14:00,16:15,05-13-2020
253,H2CT01E1,TRAFFIC ENGINEERING,4,9:00,11:15,05-12-2020
254,H2CV03E1,GEODESY,8,9:00,11:15,05-13-2020
255,H31BDAE1,BASIC DESIGN ANALYSIS,4,9:00,11:15,05-12-2020
256,H31DM1E1,"DESIGN, MANUFACTURE AND MATERIALS 1",6,14:00,16:15,05-12-2020
257,H31ENCE1,ENGINEERING COMPUTATION,5,11:30,13:45,05-12-2020
258,H33CONE1,CONTROL,6,14:00,16:15,05-12-2020
259,H33MI2E1,MANAGEMENT IN INDUSTRY 2,7,16:30,18:45,05-12-2020
260,H3AFM1E1,FLUIDS MECHANICS 1,9,11:30,13:45,05-13-2020
261,H3BDM3E1,"DESIGN, MANUFACTURE AND MATERIALS 3",5,11:30,13:45,05-12-2020
262,H3BFM2E1,FLUID MECHANICS 2,4,9:00,11:15,05-12-2020
263,H3BFM2E2,FLUID MECHANICS 2,8,9:00,11:15,05-13-2020
264,H3BMDYE1,MACHINE DYNAMICS,2,14:00,16:15,05-11-2020
265,H3BMS2E1,MECHANICS OF SOLIDS 2,7,16:30,18:45,05-12-2020
266,H3CDMSE1,DYNAMICS OF MECHANICAL SYSTEMS,10,14:00,16:15,05-13-2020
267,H3CENIE1,ELEMENTS OF NOISE INVESTIGATION,5,11:30,13:45,05-12-2020
268,H3CFM3E1,FLUID MECHANICS 3,0,9:00,11:15,05-11-2020
269,H3CFRCE1,FIBRE REINFORCED COMPOSITES ENGINEERING,9,11:30,13:45,05-13-2020
270,H3CMECE1,MECHATRONICS,11,16:30,18:45,05-13-2020
271,H3CNUEE1,NUCLEAR ENGINEERING,4,9:00,11:15,05-12-2020
272,H3CPOEE1,POLYMER ENGINEERING,3,16:30,18:45,05-11-2020
273,H3CTSEE1,THERMAL SYSTEMS ENGINEERING,0,9:00,11:15,05-11-2020
274,H51100E1,ELECTRICAL & ELECTRONIC CIRCUITS,4,9:00,11:15,05-12-2020
275,H51140E1,MECHANICS,6,14:00,16:15,05-12-2020
276,H51200E1,COMPANY ORGANISATION & PRACTICE,8,9:00,11:15,05-13-2020
277,H52110E1,POWER ELECTRONICS & NETWORKS,11,16:30,18:45,05-13-2020
278,H53171E1,CONTROL II,3,16:30,18:45,05-11-2020
279,H5C112E1,POWER NETWORKS,10,14:00,16:15,05-13-2020
280,H5C113E1,POWER ELECTRONICS,11,16:30,18:45,05-13-2020
281,H5C142E1,ELECTRICAL MACHINES,9,11:30,13:45,05-13-2020
282,H61120E1,DIGITAL ELECTRONICS I,7,16:30,18:45,05-12-2020
283,H62131E1,ELECTRONIC DEVICES AND CIRCUITS,6,14:00,16:15,05-12-2020
284,H62160E1,SIGNAL PROCESSING I,7,16:30,18:45,05-12-2020
285,H63122E1,ELECTRONICS 1,2,14:00,16:15,05-11-2020
286,H6C133E1,SOLID STATE DEVICES,10,14:00,16:15,05-13-2020
287,H6C152E1,SOFTWARE ENGINEERING 3,7,16:30,18:45,05-12-2020
288,H6C162E1,COMMUNICATIONS 2,6,14:00,16:15,05-12-2020
289,H6P001E1,INTRODUCTORY ELECTRONICS,0,9:00,11:15,05-11-2020
290,H6P002E1,MICROPROCESSORS & MICROCOMPUTERS,1,11:30,13:45,05-11-2020
291,H71EMPE1,ENGINEERING MATERIALS & PROCESSES,5,11:30,13:45,05-12-2020
292,H71IWEE1,"INDUSTRIAL ENG, WORK DESIGN & ERGONOMICS",4,9:00,11:15,05-12-2020
293,H71MIPE1,MANAGEMENT IN PRACTICE,8,9:00,11:15,05-13-2020
294,H71MS1E1,MANUFACTURING SYSTEMS 1,9,11:30,13:45,05-13-2020
295,H72ENTE1,ENTERPRISE,5,11:30,13:45,05-12-2020
296,H72IRNE1,INDUSTRIAL RELATIONS,8,9:00,11:15,05-13-2020
297,H72LOGE1,LOGISTICS MANAGEMENT,3,16:30,18:45,05-11-2020
298,H72NNSE1,NEAR NET SHAPE MANUFACTURE,1,11:30,13:45,05-11-2020
299,H7ACS1E1,COMPUTER STUDIES 1,7,16:30,18:45,05-12-2020
300,H7BEGDE1,ERGONOMICS IN DESIGN,1,11:30,13:45,05-11-2020
301,H7BMACE1,MEASUREMENT AND CONTROL,7,16:30,18:45,05-12-2020
302,H7BMOQE1,MANAGEMENT OF QUALITY,6,14:00,16:15,05-12-2020
303,H7CAMFE1,ADVANCED METAL FORMING,6,14:00,16:15,05-12-2020
304,H7CCNGE1,CONCURRENT ENGINEERING,0,9:00,11:15,05-11-2020
305,H7CEPDE1,ERGONOMICS & PRODUCT DESIGN,1,11:30,13:45,05-11-2020
306,H7CFAME1,FLEXIBLE AUTOMATED MANUFACTURE,4,9:00,11:15,05-12-2020
307,H7CFOOE1,FOOD PROCESSING & MANUFACTURE,7,16:30,18:45,05-12-2020
308,H7CHCME1,HUMAN CENTRED MANUFACTURING,8,9:00,11:15,05-13-2020
309,H7CLASE1,OPTICS & LASERS IN ENGINEERING,2,14:00,16:15,05-11-2020
310,H7CMSGE1,MANUFACTURING STRATEGY,5,11:30,13:45,05-12-2020
311,H7CORGE1,ORGANIZATION & WORK,2,14:00,16:15,05-11-2020
312,H7CSERE1,MANAGING SERVICE OPERATIONS,6,14:00,16:15,05-12-2020
313,H7CSIME1,MODELLING & SIMULATION,10,14:00,16:15,05-13-2020
314,H7CSURE1,SURFACE PROCESSING,8,9:00,11:15,05-13-2020
315,H81022E1,FLUID MECHANICS,4,9:00,11:15,05-12-2020
316,H81050E1,APPLIED CHEMISTRY,5,11:30,13:45,05-12-2020
317,H82006E1,CATALYSIS & INTERFACIAL PHENOMENA,0,9:00,11:15,05-11-2020
318,H82024E1,BASIS OF BIOTECHNOLOGY,1,11:30,13:45,05-11-2020
319,H82029E1,MASS TRANSFER,5,11:30,13:45,05-12-2020
320,H82046E1,SEPARATION PROCESSES I,7,16:30,18:45,05-12-2020
321,H83024E1,BASIS OF BIOTECHNOLOGY,6,14:00,16:15,05-12-2020
322,H8A009E1,CHEMICAL PROCESS ENGINEERING I,1,11:30,13:45,05-11-2020
323,H8A011E1,CHEMICAL PROCESS PRINCIPLES I,6,14:00,16:15,05-12-2020
324,H8B040E1,PROCESS DYNAMICS & CONTROL,8,9:00,11:15,05-13-2020
325,H8B045E1,REACTOR DESIGN,5,11:30,13:45,05-12-2020
326,H8C001E1,ADVANCED PROCESS CONTROL,2,14:00,16:15,05-11-2020
327,H8C002E1,ADVANCED REACTION ENGINEERING,5,11:30,13:45,05-12-2020
328,H8C019E1,ENVIRONMENTAL ENGINEERING I,1,11:30,13:45,05-11-2020
329,H8C039E1,PROCESS DESIGN,3,16:30,18:45,05-11-2020
330,H8C043E1,PROJECT ENGINEERING,6,14:00,16:15,05-12-2020
331,HG1EM0E1,BASIC MATHEMATICS FOR ENGINEERS,2,14:00,16:15,05-11-2020
332,HG1J1AE1,CALCULUS AND DIFFERENTIAL EQUATIONS,1,11:30,13:45,05-11-2020
333,HG1J1BE1,VECTOR & MATRIX ALGEBRA,0,9:00,11:15,05-11-2020
334,HG1S1CE1,METHODS OF APPLIED MATHEMATICS,2,14:00,16:15,05-11-2020
335,HG2J3AE1,VECTOR ANALYSIS & FOURIER SERIES,1,11:30,13:45,05-11-2020
336,HG2J3BE1,LINEAR ALGEBRA & LINEAR PROGRAMMING,5,11:30,13:45,05-12-2020
337,HG2J3DE1,PROBABILITY & STATISTICS,0,9:00,11:15,05-11-2020
338,HG2J4AE1,ORDINARY DIFFERENTIAL EQUATIONS,9,11:30,13:45,05-13-2020
339,HG2S3EE1,MECHANICS,6,14:00,16:15,05-12-2020
340,HG3J5AE1,PARTIAL DIFFERENTIAL EQUATIONS (A),8,9:00,11:15,05-13-2020
341,HG3J5BE1,PARTIAL DIFFERENTIAL EQUATIONS (B),0,9:00,11:15,05-11-2020
342,HG3J5GE1,PLASMA DYNAMICS,3,16:30,18:45,05-11-2020
343,HG3S5EE1,WAVES IN FLUIDS,7,16:30,18:45,05-12-2020
344,HG3S5FE1,LINEAR ELASTICITY & VISCOELASTICITY,9,11:30,13:45,05-13-2020
345,HGAEM2E1,INTRODUCTORY CALCULUS FOR ENGINEERS,3,16:30,18:45,05-11-2020
346,HGBEM3E1,DIFFERENTIAL EQUATIONS & CALCULUS,3,16:30,18:45,05-11-2020
347,HGBEM4E1,MATHS TECHNIQUES IN DESIGN & PRODUCTION,2,14:00,16:15,05-11-2020
348,HGCEMAE1,ADV. MATHS TECHS I FOR CHEM ENGS,0,9:00,11:15,05-11-2020
349,HGCEMBE1,ADV. MATHS TECHS FOR ELEC & ELECTR. ENGS,1,11:30,13:45,05-11-2020
350,HGCEMCE1,ADV MATHS TECHS FOR MECH ENGS,1,11:30,13:45,05-11-2020
351,HGCEMME1,MATHS FOR ENGINEERING MANAGEMENT,0,9:00,11:15,05-11-2020
352,J1A102E1,FLUID MECHANICS,5,11:30,13:45,05-12-2020
353,J1A110E1,APPLIED ELECTRICITY,6,14:00,16:15,05-12-2020
354,J1A111E1,ENVIRONMENTAL CHEMISTRY,1,11:30,13:45,05-11-2020
355,J1A112E1,INTRODUCTION TO THE MINERALS INDUSTRY,1,11:30,13:45,05-11-2020
356,J1A202E1,BEHAVIOUR OF MATERIALS,4,9:00,11:15,05-12-2020
357,J1A203E1,CAD/COMPUTING,0,9:00,11:15,05-11-2020
358,J1B109E1,SITE INVESTIGATION I,2,14:00,16:15,05-11-2020
359,J1B111E1,HYDROGEOLOGY,0,9:00,11:15,05-11-2020
360,J1B113E1,ENVIRONMENTAL MONITORING,5,11:30,13:45,05-12-2020
361,J1B115E1,MINE SERVICES A,5,11:30,13:45,05-12-2020
362,J1B116E1,MINERALS ENGINEERING I,6,14:00,16:15,05-12-2020
363,J1B117E1,RESOURCE GEOLOGY,4,9:00,11:15,05-12-2020
364,J1B203E1,MINING FINANCE II & MINE MANAGEMENT,7,16:30,18:45,05-12-2020
365,J1C106E1,EXPLORATION & RESERVE ESTIMATION,0,9:00,11:15,05-11-2020
366,J1C111E1,WASTE DISPOSAL,7,16:30,18:45,05-12-2020
367,J1C112E1,AIR POLLUTION,3,16:30,18:45,05-11-2020
368,J1C116E1,MINING LAW & PLANNING,3,16:30,18:45,05-11-2020
369,J1C119E1,PROJECT MANAGEMENT & LEGISLATION,5,11:30,13:45,05-12-2020
370,J1C122E1,UNDERGROUND MINE ENVIRONMENTAL ENG II,4,9:00,11:15,05-12-2020
371,J1C125E1,MINING METHODS,1,11:30,13:45,05-11-2020
372,J1C205E1,ROCK & EXCAVATION MECHANICS,2,14:00,16:15,05-11-2020
373,J1C227E1,ENVIRONMENTAL GEOLOGY,0,9:00,11:15,05-11-2020
374,J51IMAE1,INTRODUCTION TO MATERIALS A,5,11:30,13:45,05-12-2020
375,J51R01E1,PROPERTIES OF MATERIALS,4,9:00,11:15,05-12-2020
376,J52EMME1,ENGINEERING MATERIALS MANUFACTURE,4,9:00,11:15,05-12-2020
377,J5BORME1,"OPTOELECTRONIC & RELATED MATERIALS, PRIN",1,11:30,13:45,05-11-2020
378,J5BSMAE1,SYNTHESIS OF MATERIALS,0,9:00,11:15,05-11-2020
379,J5BSTME1,STRENTH AND TOUGHNESS OF MATERIALS,2,14:00,16:15,05-11-2020
380,J5CCCEE1,CORROSION CONTROL ENGINEERING,7,16:30,18:45,05-12-2020
381,J5CCRME1,CONSERVATION OF MATERIALS,6,14:00,16:15,05-12-2020
382,J5CMUSE1,MATERIALS UNDER STRESS,5,11:30,13:45,05-12-2020
383,K1AEU1E1,ENERGY USE IN SMALL BUILDINGS 1,2,14:00,16:15,05-11-2020
384,K1AHRSE1,HUMAN RESPONSES,1,11:30,13:45,05-11-2020
385,K1AHWAE2,HISTORY OF WESTERN ARCHITECTURE,9,11:30,13:45,05-13-2020
386,K1APADE1,PRINCIPLES OF ARCHITECTURAL DESIGN,11,16:30,18:45,05-13-2020
387,K1ATS1E1,THERMAL STUDIES 1,0,9:00,11:15,05-11-2020
388,K1BACOE1,ACOUSTICS,0,9:00,11:15,05-11-2020
389,K1BBS1E1,INTEGRATED BUILDING SERVICES 1,4,9:00,11:15,05-12-2020
390,K1BCSTE1,CONCRETE STRUCTURES,5,11:30,13:45,05-12-2020
391,K1BTMSE1,TIMBER & MASONRY STRUCTURES,1,11:30,13:45,05-11-2020
392,K41110E1,INTRODUCTION TO PLANNING,0,9:00,11:15,05-11-2020
393,K41210E1,THEORY OF URBAN DESIGN I,5,11:30,13:45,05-12-2020
394,K42120E1,URBAN PLANNING ECONOMICS,0,9:00,11:15,05-11-2020
395,K43100E1,TRANSPORT ECONOMICS AND POLICY,1,11:30,13:45,05-11-2020
396,K4C110E1,PLANNING THEORY,0,9:00,11:15,05-11-2020
397,K4C120E1,PLANNING METHODS I,2,14:00,16:15,05-11-2020
398,K4C140E1,SOCIAL ASPECTS OF PLANNING,3,16:30,18:45,05-11-2020
399,K4C280E1,RURAL PLANNING (A),1,11:30,13:45,05-11-2020
400,K4C290E1,DEVELOPMENT FINANCE (A),1,11:30,13:45,05-11-2020
401,K4P100E1,INTRODUCTION TO ECONOMICS (FOR PLANNERS),1,11:30,13:45,05-11-2020
402,K4P300E1,PLANNING PRACTICE & MANAGEMENT I,0,9:00,11:15,05-11-2020
403,L11100E1,MICROECONOMICS 1A,16,9:00,11:15,05-15-2020
404,L11101E1,QUANTITATIVE METHODS 1A,14,14:00,16:15,05-14-2020
405,L11102E1,QUANT METHODS WITH COMPUTING I,7,16:30,18:45,05-12-2020
406,L11110E1,INTRODUCTION TO AGRICULTURAL ECONOMICS,1,11:30,13:45,05-11-2020
407,L11111E1,INTRO.TO AGRICULTURAL ECONS(ALTERNATIVE),2,14:00,16:15,05-11-2020
408,L11120E1,MATHEMATICAL ECONOMICS I,15,16:30,18:45,05-14-2020
409,L11130E1,MICROECONOMICS 1B,0,9:00,11:15,05-11-2020
410,L11140E1,MICROECONOMICS 1C,2,14:00,16:15,05-11-2020
411,L11150E1,INTRODUCTORY ECONOMETRICS I,10,14:00,16:15,05-13-2020
412,L12302E1,MICROECONOMIC THEORY,4,9:00,11:15,05-12-2020
413,L12303E1,APPLIED ECONOMICS I - PUBLIC SECTOR,12,9:00,11:15,05-14-2020
414,L12310E1,AGRICULTURAL ECONOMICS I,0,9:00,11:15,05-11-2020
415,L12320E1,ECONOMETRICS I,5,11:30,13:45,05-12-2020
416,L12330E1,THE EUROPEAN ECONOMY I,0,9:00,11:15,05-11-2020
417,L12404E1,APPLIED ECON. IV-THE FIRM IN THEORY & PR,10,14:00,16:15,05-13-2020
418,L13502E1,ECONOMICS OF THE PUBLIC SECTOR I,6,14:00,16:15,05-12-2020
419,L13503E1,ECONOMICS OF THE EUROPEAN COMMUNITY,8,9:00,11:15,05-13-2020
420,L13504E1,ECONOMIC DEVELOPMENT I,13,11:30,13:45,05-14-2020
421,L13505E1,ECONOMICS OF INTERNATIONAL TRADE I,10,14:00,16:15,05-13-2020
422,L13507E1,BANKING AND FINANCE I,2,14:00,16:15,05-11-2020
423,L13508E1,HEALTH ECONOMICS I,3,16:30,18:45,05-11-2020
424,L13509E1,MONETARY ECONOMICS I,1,11:30,13:45,05-11-2020
425,L13510E1,ECONOMICS OF EURO AGRICULTURAL POLICY,0,9:00,11:15,05-11-2020
426,L13511E1,AGRICULTURE IN DEVELOPMENT I,4,9:00,11:15,05-12-2020
427,L13516E1,ADVANCED MICROECONOMICS I: ECON OF INNO,0,9:00,11:15,05-11-2020
428,L13520E1,TOPICS IN ECONOMETRICS I,5,11:30,13:45,05-12-2020
429,L13521E1,ADVANCED ECONOMETRIC THEORY,4,9:00,11:15,05-12-2020
430,L31004E1,CONFLICT & CONTROV IN CONTEMP BRITAIN 1,9,11:30,13:45,05-13-2020
431,L31005E1,SOCIOLOGICAL PERSPECTIVES I,5,11:30,13:45,05-12-2020
432,L31013E1,ASPECTS OF CONTEMPORARY CULTURE 1A,8,9:00,11:15,05-13-2020
433,L31073E1,DIMENSIONS OF WELFARE,0,9:00,11:15,05-11-2020
434,L31097E1,CONTEMPORARY ISSUES IN SOCIAL POLICY 1,0,9:00,11:15,05-11-2020
435,L31107E1,DIMENSIONS OF WELFARE: RACE AND GENDER,12,9:00,11:15,05-14-2020
436,L31109E1,ASPECTS OF COMTEMPORARY CULTURE 1C,15,16:30,18:45,05-14-2020
437,L3B015E1,THE HISTORY OF BRITISH SOCIAL POLICY,8,9:00,11:15,05-13-2020
438,L3B021E1,THE ANALYSIS OF RACE & ETHNIC RELATIONS,0,9:00,11:15,05-11-2020
439,L3B026E1,HEALTH & THE ENVIRONMENT,2,14:00,16:15,05-11-2020
440,L3B030E1,"SOVIET COMMUNISM, RISE & FALL OF 20C PHE",5,11:30,13:45,05-12-2020
441,L3B032E1,WOMEN & SOCIETY 1,6,14:00,16:15,05-12-2020
442,L3B036E1,SYSTEMS & ACTION,1,11:30,13:45,05-11-2020
443,L3B046E1,ENVIRONMENTAL POLITICS,6,14:00,16:15,05-12-2020
444,L3B049E1,MAKING NEWS IN BRITAIN TODAY,4,9:00,11:15,05-12-2020
445,L3B090E1,ASPECTS OF CONTEMPORARY CULTURE 2E,9,11:30,13:45,05-13-2020
446,L3B100E1,HOUSING & SOCIAL POLICY,4,9:00,11:15,05-12-2020
447,L3C064E1,KEY CONCEPTS IN SOCIAL POLICY,1,11:30,13:45,05-11-2020
448,L3C086E1,"KNOWLEDGE,BELIEF & IDEOLOGY",3,16:30,18:45,05-11-2020
449,L81112E1,SOCIETY AND SPACE,7,16:30,18:45,05-12-2020
450,L81122E1,OCEANIC & ATMOSPHERIC SYSTEMS,3,16:30,18:45,05-11-2020
451,L82111E1,LOCATION & ORGANISATION OF IND ACTIVITY,12,9:00,11:15,05-14-2020
452,L82113E1,MEDICAL GEOGRAPHY,3,16:30,18:45,05-11-2020
453,L82120E1,THEORETICAL GEOMORPHOLOGY,0,9:00,11:15,05-11-2020
454,L82121E1,ATMOSPHERIC PROCESSES,10,14:00,16:15,05-13-2020
455,L82124E1,WATER RESOURCES MANAGEMENT,1,11:30,13:45,05-11-2020
456,L82125E1,HYDROLOGY:WATER AS A RESOURCE,7,16:30,18:45,05-12-2020
457,L82132E1,REMOTE SENSING,8,9:00,11:15,05-13-2020
458,L83112E1,THE GEOGRAPHY OF HEALTH & DISEASE,6,14:00,16:15,05-12-2020
459,L83115E1,ECONOMIC ASPECTS OF THE USSR & E EUROPE,5,11:30,13:45,05-12-2020
460,L83118E1,THE ENGLISH LANDED ESTATE,3,16:30,18:45,05-11-2020
461,L83120E1,ADVANCED PHYSICAL PROCESSES,4,9:00,11:15,05-12-2020
462,L83121E1,LANDSCAPE ECOLOGY,2,14:00,16:15,05-11-2020
463,L83122E1,INTEGRATED RIVER BASIN MANAGEMENT,1,11:30,13:45,05-11-2020
464,L83123E1,APPLIED GEOMORPHOLOGY,2,14:00,16:15,05-11-2020
465,L83160E1,"EARTH,POLICY & GLOBAL ETHICS",0,9:00,11:15,05-11-2020
466,LK10FAE1,INTER FACULTY FRENCH 0A,2,14:00,16:15,05-11-2020
467,LK10GAE1,INTER FACULTY GERMAN 0A,1,11:30,13:45,05-11-2020
468,LK10IAE1,INTER FACULTY ITALIAN OA,0,9:00,11:15,05-11-2020
469,LK10JAE1,INTER FACULTY JAPANESE OA,2,14:00,16:15,05-11-2020
470,LK10KBE1,INTER FACULTY MODERN GREEK 0B,8,9:00,11:15,05-13-2020
471,LK10RAE1,INTER FACULTY RUSSIAN OA,2,14:00,16:15,05-11-2020
472,LK10SAE1,INTER FACULTY SPANISH 0A,1,11:30,13:45,05-11-2020
473,LK44FAE1,INTER FACULTY FRENCH 4A,4,9:00,11:15,05-12-2020
474,LK44GAE1,INTER FACULTY GERMAN 4A,4,9:00,11:15,05-12-2020
475,LK44SAE1,INTER FACULTY SPANISH 4A,7,16:30,18:45,05-12-2020
476,LKA1FAE1,INTER FACULTY FRENCH 1A,0,9:00,11:15,05-11-2020
477,LKA1GAE1,INTER FACULTY GERMAN 1A,1,11:30,13:45,05-11-2020
478,LKA1IAE1,INTER FACULTY ITALIAN 1S,5,11:30,13:45,05-12-2020
479,LKA1JAE1,INTER FACULTY JAPANESE 1A,0,9:00,11:15,05-11-2020
480,LKA1RAE1,INTER FACULTY RUSSIAN 1A,8,9:00,11:15,05-13-2020
481,LKA1SAE1,INTER FACULTY SPANISH 1A,5,11:30,13:45,05-12-2020
482,LKB2FAE1,INTER FACULTY FRENCH 2A,2,14:00,16:15,05-11-2020
483,LKB2GAE1,INTER FACULTY GERMAN 2A,0,9:00,11:15,05-11-2020
484,LKB2JAE1,INTER FACULTY JAPANESE 2A,9,11:30,13:45,05-13-2020
485,LKB2SAE1,INTER FACULTY SPANISH 2A,0,9:00,11:15,05-11-2020
486,LKC3FAE1,INTER FACULTY FRENCH 3A,1,11:30,13:45,05-11-2020
487,LKC3GAE1,INTER FACULTY GERMAN 3A,0,9:00,11:15,05-11-2020
488,LKC3RAE1,INTER FACULTY RUSSIAN 3A,1,11:30,13:45,05-11-2020
489,LKC3SAE1,INTER FACULTY SPANISH 3A,2,14:00,16:15,05-11-2020
490,M11341E1,THEORIES OF POLITICS A (LAW/POLITICS),1,11:30,13:45,05-11-2020
491,M11343E1,POLITICAL INSTS.& PROCESSES A (LAW/POL),0,9:00,11:15,05-11-2020
492,M11345E1,THEORIES OF POLITICS A,10,14:00,16:15,05-13-2020
493,M11347E1,POLITICAL INSTITUTIONS & PROCESSES (A),8,9:00,11:15,05-13-2020
494,M11351E1,EUROPEAN COMMUNITY STUDIES 1A,1,11:30,13:45,05-11-2020
495,M11451E1,EUROPEAN COMMUNITY STUDIES 1B,1,11:30,13:45,05-11-2020
496,M12353E1,POLITICAL THOUGHT FROM PLATO TO ROUSSEAU,7,16:30,18:45,05-12-2020
497,M12365E1,INTERNATIONAL RELATIONS 1,6,14:00,16:15,05-12-2020
498,M13367E1,DECISION THEORY & PUBLIC POLICY ANAL.,1,11:30,13:45,05-11-2020
499,M13369E1,POLITICAL COMPARISONS A,11,16:30,18:45,05-13-2020
500,M13468E1,POWER THEORY & PUBLIC POLICY ANALYSIS,0,9:00,11:15,05-11-2020
501,M1B351E1,GOVERNING INSTITUTIONS OF CONTEMP FRANCE,12,9:00,11:15,05-14-2020
502,M1B355E1,FASCISM & NAZISM IN EUROPE 1918-1945,1,11:30,13:45,05-11-2020
503,M1B357E1,"THE MASS MEDIA, WAR & POLITICS 1856-1945",8,9:00,11:15,05-13-2020
504,M1B359E1,AN INTRODUCTION TO BRITISH LOCAL GOV'T,3,16:30,18:45,05-11-2020
505,M1B363E1,FORMATION OF THE TRANSATLANTIC RELATIONS,10,14:00,16:15,05-13-2020
506,M1B372E1,THE CONSERVATIVE CHALLENGE,5,11:30,13:45,05-12-2020
507,M1B373E1,ANARCHISM,3,16:30,18:45,05-11-2020
508,M1B374E1,CONCEPTS OF DEMOCRACY,0,9:00,11:15,05-11-2020
509,M1B380E1,"SOVIET FOREIGN POLICY,1945-1985",9,11:30,13:45,05-13-2020
510,M1B382E1,INTERNAT.POLITICS MIDDLE EAST 1798-1967,4,9:00,11:15,05-12-2020
511,M31001E1,LEGAL SYSTEM,12,9:00,11:15,05-14-2020
512,M31006E1,INTRODUCTION TO LEGAL STUDY,2,14:00,16:15,05-11-2020
513,M31012E1,THE LAW OF CONTRACT A,11,16:30,18:45,05-13-2020
514,M33036E1,CONFLICT OF LAWS,1,11:30,13:45,05-11-2020
515,M33042E1,LAW OF EVIDENCE,8,9:00,11:15,05-13-2020
516,M33053E1,POLITICS & THE LAW A,2,14:00,16:15,05-11-2020
517,M33059E1,LAW OF TRADE FINANCE,9,11:30,13:45,05-13-2020
518,M33060E1,TAX LAW A,7,16:30,18:45,05-12-2020
519,M33064E1,ENERGY LAW AND POLICY,6,14:00,16:15,05-12-2020
520,M33074E1,MERGER LAW,1,11:30,13:45,05-11-2020
521,M3A002E1,LAWYERS & COURTS - ACCESS & JUSTICE,3,16:30,18:45,05-11-2020
522,M3A010E1,CONSTITUTIONAL LAW A,17,11:30,13:45,05-15-2020
523,M3A015E1,LAND LAW A,13,11:30,13:45,05-14-2020
524,M3A019E1,COMMON LAW A,11,16:30,18:45,05-13-2020
525,M3B030E1,JUDICIAL REVIEW,9,11:30,13:45,05-13-2020
526,M3B031E1,COMPARATIVE CIVIL LIBERTIES,0,9:00,11:15,05-11-2020
527,M3B034E1,LAW OF BUSINESS ORGANISATIONS,1,11:30,13:45,05-11-2020
528,M3B043E1,FAMILY LAW,4,9:00,11:15,05-12-2020
529,M3B049E1,CLASSICAL LEGAL THEORY,1,11:30,13:45,05-11-2020
530,M3B055E1,FOUNDATIONS OF PUBLIC INTERNATIONAL LAW,5,11:30,13:45,05-12-2020
531,M3B057E1,THE LAW OF DOMESTIC SALES,10,14:00,16:15,05-13-2020
532,M3B062E1,WELFARE LAW,11,16:30,18:45,05-13-2020
533,M3B066E1,LAW OF THE EURO UNI:CONSTIT & CITIZENSHP,3,16:30,18:45,05-11-2020
534,N11102E1,THE ECONOMIC ANALYSIS OF MARKETS,13,11:30,13:45,05-14-2020
535,N11103E1,FINANCIAL ACCOUNTING,9,11:30,13:45,05-13-2020
536,N12203E1,PRICING IN THEORY & PRACTICE,10,14:00,16:15,05-13-2020
537,N12403E1,FINANCIAL MANAGEMENT,0,9:00,11:15,05-11-2020
538,N13301E1,FINANCIAL ANALYSIS,4,9:00,11:15,05-12-2020
539,N13302E1,FINANCIAL MARKETS,6,14:00,16:15,05-12-2020
540,N13303E1,INDUSTRIAL ORGANISATION I,7,16:30,18:45,05-12-2020
541,N13304E1,MANAGEMENT & ORGANISATIONS,8,9:00,11:15,05-13-2020
542,N13305E1,OPERATIONS RESEARCH I,11,16:30,18:45,05-13-2020
543,N1A104E1,INTRO.TO MANAGERIAL ECONOMICS,6,14:00,16:15,05-12-2020
544,N1A110E1,INTRODUCTION TO MANAGEMENT,4,9:00,11:15,05-12-2020
545,N1A402E1,INTRODUCTION TO FINANCIAL ACCOUNTING,5,11:30,13:45,05-12-2020
546,N1B201E1,MODERN FIRMS AS HIERARCHIES,4,9:00,11:15,05-12-2020
547,N1B202E1,MODERN FIRMS AS TEAMS,7,16:30,18:45,05-12-2020
548,N1B404E1,INDUSTRIAL RELATIONS I,6,14:00,16:15,05-12-2020
549,N1B405E1,MANAGEMENT ACCOUNTING & DECISIONS II,2,14:00,16:15,05-11-2020
550,N1B406E1,MARKETING STRATEGY,1,11:30,13:45,05-11-2020
551,N1B407E1,PUBLIC CHOICE & ECONOMIC POLICY-MAKING,12,9:00,11:15,05-14-2020
552,N1B408E1,"RISK, INFORMATION & INSURANCE",11,16:30,18:45,05-13-2020
553,N1B409E1,RISK MANAGEMENT DECISIONS,9,11:30,13:45,05-13-2020
554,N1B410E1,STRATEGIC MANAGEMENT I,3,16:30,18:45,05-11-2020
555,N1B420E1,UNDERSTANDING BUYER BEHAVIOUR,0,9:00,11:15,05-11-2020
556,N1B422E1,FINANCIAL FRAUD AND CORRUPTION,5,11:30,13:45,05-12-2020
557,Q13013E1,SOCIOLINGUISTICS 1,0,9:00,11:15,05-11-2020
558,Q13017E1,BILLINGUALISM 1,1,11:30,13:45,05-11-2020
559,Q31301E1,SELECTED MODERN AUTHORS,13,11:30,13:45,05-14-2020
560,Q32302E1,"LIT IN THE MARKET-PLACE, ENG LIT 1700-50",4,9:00,11:15,05-12-2020
561,Q33211E1,MEDIEVAL ENGLISH LIT I,6,14:00,16:15,05-12-2020
562,Q33307E1,VICTORIAN LITERATURE I,8,9:00,11:15,05-13-2020
563,Q33308E1,MODERN LITERATURE I,10,14:00,16:15,05-13-2020
564,Q3A201E1,"OLD ENGLISH, ENABLING SKILLS",14,14:00,16:15,05-14-2020
565,Q3A301E1,SELECTED MODERN AUTHORS,0,9:00,11:15,05-11-2020
566,Q3A303E1,"LIT IN THE MARKET-PLACE, ENG LIT 1700-50",0,9:00,11:15,05-11-2020
567,Q3A307E1,VICTORIAN LITERATURE I,4,9:00,11:15,05-12-2020
568,Q3A308E1,MODERN LITERATURE I,7,16:30,18:45,05-12-2020
569,Q3B201E1,HISTORY OF ENGLISH I,3,16:30,18:45,05-11-2020
570,Q3B211E1,OLD ENGLISH: MANUSCRIPTS,0,9:00,11:15,05-11-2020
571,Q4A101E1,"AMERICAN HISTORY I, 1607-1945",12,9:00,11:15,05-14-2020
572,Q4A106E1,INTRODUCTION TO CANADIAN STUDIES,3,16:30,18:45,05-11-2020
573,Q4A210E1,SELECTED AMERICAN NOVELS,6,14:00,16:15,05-12-2020
574,Q4A219E1,THE AMERICAN 1850S,2,14:00,16:15,05-11-2020
575,Q4B102E1,US-SOVIET RELATIONS 1917-1991,3,16:30,18:45,05-11-2020
576,Q4B104E1,MARK TWAIN,4,9:00,11:15,05-12-2020
577,Q81001E1,THE GREEK WORLD,7,16:30,18:45,05-12-2020
578,Q81003E1,ANCIENT GREEK HISTORY - AN INTRODUCTION,9,11:30,13:45,05-13-2020
579,Q81009E1,ADVANCED LATIN LANGUAGE I,10,14:00,16:15,05-13-2020
580,Q81011E1,ADVANCED GREEK LITERATURE:VERSE,0,9:00,11:15,05-11-2020
581,Q81016E1,GREEK FOR BEGINNERS II,1,11:30,13:45,05-11-2020
582,Q82024E1,INTERMEDIATE GREEK II,2,14:00,16:15,05-11-2020
583,Q82028E1,INTERMEDIATE LATIN II,5,11:30,13:45,05-12-2020
584,Q82031E1,ADVANCED GREEK LANGUAGE III,4,9:00,11:15,05-12-2020
585,Q83108E1,HOMER AND THE ILIAD III,1,11:30,13:45,05-11-2020
586,Q83110E1,HOMER AND THE ILIAD V,1,11:30,13:45,05-11-2020
587,Q83142E1,THE GREEK CITY AFTER ALEXANDER III,0,9:00,11:15,05-11-2020
588,Q83144E1,THE GREEK CITY AFTE ALEXANDER V,0,9:00,11:15,05-11-2020
589,Q83168E1,LIT WIT & SOC CRIT:SDY JUVENAL'S SATIRES,4,9:00,11:15,05-12-2020
590,Q83170E1,LIT WIT & CRIT: SDY JUV'S SATIRES III,0,9:00,11:15,05-11-2020
591,Q83172E1,LIT WIT & CRIT: SDY JUV'S SATIRES V,3,16:30,18:45,05-11-2020
592,Q83184E1,AUGUSTUS III,5,11:30,13:45,05-12-2020
593,Q83186E1,AUGUSTUS V,0,9:00,11:15,05-11-2020
594,Q83198E1,ADVANCED GREEK LANGUAGE V,2,14:00,16:15,05-11-2020
595,Q8A310E1,AN INTRODUCTION TO ANCIENT PHILOSOPHY,8,9:00,11:15,05-13-2020
596,Q8B043E1,A STUDY OF ARISTOPHANES,9,11:30,13:45,05-13-2020
597,Q8B044E1,ARISTOPHANES LYSISTRATA,3,16:30,18:45,05-11-2020
598,Q8B045E1,HERODOTEAN INVESTIGATIONS,11,16:30,18:45,05-13-2020
599,Q8B056E1,GREEK VASE PAINTING,3,16:30,18:45,05-11-2020
600,Q8B063E1,ATHENIAN DEMOCRACY,6,14:00,16:15,05-12-2020
601,Q8B074E1,"SELECT POEMS OF CATULLUS, PERSONAL POET",0,9:00,11:15,05-11-2020
602,Q8B075E1,POETRY AND PHILOSOPHY IN LUCRETIUS,0,9:00,11:15,05-11-2020
603,Q8B076E1,"LUCRETIUS, LIFE, UNIVERSE, EVERYTHING",2,14:00,16:15,05-11-2020
604,Q8B094E1,THE REP IN CRISIS:ROME & ITALY 200-89 BC,1,11:30,13:45,05-11-2020
605,Q8B096E1,EMPEROR ARMY & COURT,0,9:00,11:15,05-11-2020
606,Q8B341E1,THE TRAGIC BARBARIANS,2,14:00,16:15,05-11-2020
607,Q8P010E1,ETHNICITY IN GREEK DRAMA,0,9:00,11:15,05-11-2020
608,R11001E1,FRENCH LANGUAGE,5,11:30,13:45,05-12-2020
609,R11002E1,THE STATUS OF THE FRENCH LANGUAGE,13,11:30,13:45,05-14-2020
610,R11003E1,INTRODUCTION TO FRENCH LIT. I - DRAMA,12,9:00,11:15,05-14-2020
611,R11004E1,MODERN FRANCE - HISTORY AND POLITICS,9,11:30,13:45,05-13-2020
612,R12001E1,THE FRENCH LANGUAGE II (1),6,14:00,16:15,05-12-2020
613,R12002E1,THE LINGUISTIC HISTORY OF FRANCE,2,14:00,16:15,05-11-2020
614,R12005E1,EIGHTEENTH CENTURY FRENCH LITERATURE,11,16:30,18:45,05-13-2020
615,R12008E1,RECENT WOMEN'S WRITING,5,11:30,13:45,05-12-2020
616,R12024E1,MEDIEVAL FRENCH LITERATURE,1,11:30,13:45,05-11-2020
617,R12025E1,17TH CENTURY LITERATURE & SOCIETY,4,9:00,11:15,05-12-2020
618,R12026E1,NINETEENTH CENTURY FRENCH POETRY,7,16:30,18:45,05-12-2020
619,R13001E1,TRANSLATION FROM AND INTO FRENCH (1),0,9:00,11:15,05-11-2020
620,R13003E1,THE FRENCH LANGUAGE & ITS SPEAKERS,4,9:00,11:15,05-12-2020
621,R13005E1,ARTHURIAN LEGEND & ROMANCE,2,14:00,16:15,05-11-2020
622,R13006E1,THE EIGHTEENTH CENTURY FRENCH NOVEL,4,9:00,11:15,05-12-2020
623,R13007E1,NINETEENTH CENTURY NOVEL,7,16:30,18:45,05-12-2020
624,R13009E1,WKY CLASS WRITING IN FRANCE & GERMANY,1,11:30,13:45,05-11-2020
625,R13011E1,HISTORY OF THE FRENCH CINEMA 1895-1933,6,14:00,16:15,05-12-2020
626,R13012E1,POLITICS & CULTURE IN THE 4TH REPUBLIC,2,14:00,16:15,05-11-2020
627,R13014E1,CHRETIEN DE TROYES,5,11:30,13:45,05-12-2020
628,R13015E1,MONTAIGNE,8,9:00,11:15,05-13-2020
629,R13016E1,MOLIERE UP TO LE MISANTHROPE,1,11:30,13:45,05-11-2020
630,R13017E1,JEAN-JACQUES ROUSSEAU:THE THINKER,6,14:00,16:15,05-12-2020
631,R13021E1,BEFORE BEAUVOIR: FIRST WAVE FEMINISM,5,11:30,13:45,05-12-2020
632,R13022E1,BLACK AFRICAN NOVEL,3,16:30,18:45,05-11-2020
633,R13023E1,FAIRY TALE,9,11:30,13:45,05-13-2020
634,R13044E1,MODERN FRENCH POETRY & POETICS,3,16:30,18:45,05-11-2020
635,R13101E1,HISTORY OF FRENCH CINEMA 1895-1939,1,11:30,13:45,05-11-2020
636,R21101E1,GERMAN LANGUAGE I,15,16:30,18:45,05-14-2020
637,R21104E1,ASPECTS OF GERMAN LANG I-,2,14:00,16:15,05-11-2020
638,R21206E1,DEUTSCHLAND HEUTE,0,9:00,11:15,05-11-2020
639,R22101E1,GERMAN LANGUAGE III,8,9:00,11:15,05-13-2020
640,R22102E1,MEDIEVAL GERMAN LANG & LIT I,7,16:30,18:45,05-12-2020
641,R22110E1,EARLY GERMAN CINEMA,9,11:30,13:45,05-13-2020
642,R22112E1,AUSLANDER IN DEUTSCHLAND,9,11:30,13:45,05-13-2020
643,R22203E1,EIGHTEENTH CENTURY DRAMA,14,14:00,16:15,05-14-2020
644,R22204E1,DAS DEUTSCHE LUSTSPIEL,10,14:00,16:15,05-13-2020
645,R22212E1,BRECHT'S MAJOR PLAYS,3,16:30,18:45,05-11-2020
646,R23009E1,WORKING-CLASS WRITING IN FRANCE & GERM,7,16:30,18:45,05-12-2020
647,R23102E1,GERMAN LANGUAGE V,0,9:00,11:15,05-11-2020
648,R23104E1,GERMAN LANGUAGE VII,0,9:00,11:15,05-11-2020
649,R23105E1,DUTCH I,3,16:30,18:45,05-11-2020
650,R23106E1,THE MEDIEVAL GERMAN NOVEL I,2,14:00,16:15,05-11-2020
651,R23107E1,KANT AND SCHILLER,9,11:30,13:45,05-13-2020
652,R23111E1,GERMAN DRAMA 1945 - 70,4,9:00,11:15,05-12-2020
653,R23117E1,WOMEN IN GERMANY: I,8,9:00,11:15,05-13-2020
654,R23209E1,NATIONALSOZIALISTISCHE TEXTE,6,14:00,16:15,05-12-2020
655,R23216E1,INTRODUCTION TO MARXIST CRITICISM,2,14:00,16:15,05-11-2020
656,R42103E1,SPANISH LANGUAGE III,3,16:30,18:45,05-11-2020
657,R42217E1,20C LATIN AMERICAN LITERATURE & FILM,10,14:00,16:15,05-13-2020
658,R43146E1,LATIN AMERICAN POETRY & POETICS,0,9:00,11:15,05-11-2020
659,R43148E1,LITERARY THEORY,0,9:00,11:15,05-11-2020
660,R43149E1,FEDERICO GARCIA LORCA,4,9:00,11:15,05-12-2020
661,R43152E1,UNAMUNO,1,11:30,13:45,05-11-2020
662,R43153E1,GOLDEN AGE DRAMA:REPS OF SEX & GENDER,2,14:00,16:15,05-11-2020
663,R43204E1,SPANISH DISCOURSE ANALYSIS,3,16:30,18:45,05-11-2020
664,R4A101E1,SPANISH LANGUAGE 1,0,9:00,11:15,05-11-2020
665,R4A117E1,"TEXTUAL ANALYSIS OF WRITING, PAINT, FILM",11,16:30,18:45,05-13-2020
666,R4A119E1,LIT OF THE GOLDEN AGE I (1500-1600),6,14:00,16:15,05-12-2020
667,R4A210E1,AN INTRODUCTION TO PORTUGUESE CULTURE,7,16:30,18:45,05-12-2020
668,R4A215E1,NINETEENTH CENTURY SPANISH LIT,4,9:00,11:15,05-12-2020
669,R4B107E1,INTERMEDIATE PORTUGUESE I,0,9:00,11:15,05-11-2020
670,R4B209E1,INTERMEDIATE BRAZILIAN LIT & CULTURE,3,16:30,18:45,05-11-2020
671,R81003E1,EARLY 19 CENTURY RUSSIAN PROSE,8,9:00,11:15,05-13-2020
672,R81015E1,RUSSIAN LANGUAGE INTENSIVE BEGINNERS (I),1,11:30,13:45,05-11-2020
673,R81022E1,RUSSIAN GRAMMAR,1,11:30,13:45,05-11-2020
674,R82022E1,RUSSIAN COMPOSITION & ORAL (CORE),12,9:00,11:15,05-14-2020
675,R82025E1,20TH C RUSSIAN LITERATURE,3,16:30,18:45,05-11-2020
676,R82027E1,HISTORY OF THE RUSSIAN LANGUAGE 2,5,11:30,13:45,05-12-2020
677,R82028E1,RUSSIAN THOUGHT (MODERN PERIOD),10,14:00,16:15,05-13-2020
678,R83036E1,RUSSIAN ESSAY & ORAL (I),6,14:00,16:15,05-12-2020
679,R83038E1,RUSSIAN TRANSLATION & ORAL (I),1,11:30,13:45,05-11-2020
680,R83043E1,POST-WAR SOVIET PROSE,5,11:30,13:45,05-12-2020
681,R83044E1,COMPARATIVE SLAVONIC PHILOLOGY (I),3,16:30,18:45,05-11-2020
682,R83046E1,THE 19TH C RUSSIAN NOVEL - TOLSTOI,2,14:00,16:15,05-11-2020
683,R83051E1,PUSHKIN,7,16:30,18:45,05-12-2020
684,R83052E1,RUSSIAN THEATRE: CHEKHOV,0,9:00,11:15,05-11-2020
685,R83054E1,ADVANCED SERBO-CROAT (I),2,14:00,16:15,05-11-2020
686,R83056E1,ADVANCED SLOVENE (I),2,14:00,16:15,05-11-2020
687,R8A011E1,SERBO-CROAT BEGINNERS 1 (I),0,9:00,11:15,05-11-2020
688,R8A013E1,SLOVENE FOR BEGINNERS 1 (I),2,14:00,16:15,05-11-2020
689,R8B032E1,SERBO-CROAT BEGINNERS 2 (I),0,9:00,11:15,05-11-2020
690,V11103E1,THE BIRTH OF EUROPE A.D. 500-900,14,14:00,16:15,05-14-2020
691,V11105E1,EUROPE IN THE HIGH MIDDLE AGES 1200-1350,16,9:00,11:15,05-15-2020
692,V11107E1,THE RISE OF THE WEST: EUR SOC 1500-1789,4,9:00,11:15,05-12-2020
693,V11109E1,INDUSTRIAL & POLITICAL REVOLUT 1750-1871,3,16:30,18:45,05-11-2020
694,V11111E1,THE AGE OF IMPERIALISM & WAR 1871-1945,6,14:00,16:15,05-12-2020
695,V12115E1,BARBARIAN SOCIETIES IN THE WEST 600-900A,6,14:00,16:15,05-12-2020
696,V12116E1,THE ETERNAL CITY:ROME IN MIDDLE AGES,4,9:00,11:15,05-12-2020
697,V12119E1,"THE MED WORLD, 1ST CRUSADE - BLACK DEATH",10,14:00,16:15,05-13-2020
698,V12121E1,CONSTIT & COMMUNITY IN ENGLAND 1216-1330,6,14:00,16:15,05-12-2020
699,V12123E1,TUDOR ENGLAND 1485-1603,8,9:00,11:15,05-13-2020
700,V12127E1,AGE OF ENLIGHTEN. POLITE SOC IN 18 C ENG,13,11:30,13:45,05-14-2020
701,V12129E1,RURAL ENGLAND 1750-1914,7,16:30,18:45,05-12-2020
702,V12131E1,PRUSSIA AND AUSTRIA 1740-1848,3,16:30,18:45,05-11-2020
703,V12135E1,REVOLUTION IN 18TH CENTURY FRANCE,5,11:30,13:45,05-12-2020
704,V12139E1,"THE AGE OF PROG, THE ECON & SOC HIST OF.",0,9:00,11:15,05-11-2020
705,V12143E1,RUSSIAN STATE & SOCIETY 1855-1917,2,14:00,16:15,05-11-2020
706,V12148E1,RIVAL OF NATS & CONFL OF NATIONS 1871-14,11,16:30,18:45,05-13-2020
707,V13101E1,"REGION & THE NATION, E MIDLAND FROM 1700",2,14:00,16:15,05-11-2020
708,V13103E1,POP CULT IN EARLY IND ENG 1780-1850,2,14:00,16:15,05-11-2020
709,V13104E1,IMGE OF FEM PWR IN EARLY MED EUROPE,4,9:00,11:15,05-12-2020
710,V13105E1,"RELIGION, CLASS & POLITICS 1791-1867",1,11:30,13:45,05-11-2020
711,V13108E1,THE EXPANSION OF RUSSIA 1801-78,1,11:30,13:45,05-11-2020
712,V13111E1,"TRANS TO DEMOC IN BRIT 1830-70, CARLYLE",3,16:30,18:45,05-11-2020
713,V13119E1,ORIGINS & DEV OF RED ARMY BEFORE 1941,2,14:00,16:15,05-11-2020
714,V13125E1,"HIST EXPLAN & POLIT IDEOL, LIBER/SOCIALI",2,14:00,16:15,05-11-2020
715,V13152E1,CHRN & COM:URB LIFE IN ELY MED LOMBARDY,1,11:30,13:45,05-11-2020
716,V13155E1,ANGLO-SAXON ENGLAND: BEDE TO ALFRED,1,11:30,13:45,05-11-2020
717,V13159E1,THE REIGN OF RICHARD II:PART I,1,11:30,13:45,05-11-2020
718,V13163E1,THE CAUSES OF THE CIVIL WARS 1629-1640,4,9:00,11:15,05-12-2020
719,V13169E1,"THE INDUSTR REVOL, SOC CHANGE & CONFLICT",5,11:30,13:45,05-12-2020
720,V13173E1,EMERG OF WORK CLASS POLIT IN FR 1750-30,1,11:30,13:45,05-11-2020
721,V13177E1,STALINISMI:DOM POLTCS & INTERNAT RELS,6,14:00,16:15,05-12-2020
722,V13181E1,"THE COLLAPSE OF TSARISM, 1914 - 1917",2,14:00,16:15,05-11-2020
723,V13185E1,THE CHALLENGE OF FASCISM,5,11:30,13:45,05-12-2020
724,V13197E1,"ENGLAND, SCOTLAND & THE UNION 1603-1707",4,9:00,11:15,05-12-2020
725,V13214E1,FRANCE IN THE BELLE EPOQUE. IMAGE & REAL,0,9:00,11:15,05-11-2020
726,V13296E1,RELIGION & SOCIETY IN LATE-MEDIE ENGLAND,0,9:00,11:15,05-11-2020
727,V41103E1,"FLOR, ROME, ASSISSI: THE LEG OF ST F (1)",9,11:30,13:45,05-13-2020
728,V41112E1,"REALISM & BAROQUE, ITALIAN 17 C PAINTING",1,11:30,13:45,05-11-2020
729,V41124E1,"HIGH RENAISS ARCHIT, BRAMANTE, RAPHAEL..",8,9:00,11:15,05-13-2020
730,V41133E1,"MODERN PAINTING, REALISM & SYMBOLISM",4,9:00,11:15,05-12-2020
731,V41142E1,INTRODUCTION TO ART HISTORY 2,2,14:00,16:15,05-11-2020
732,V41143E1,"ART, CLASSICISM & SOCIETY 1750-1830 (1)",3,16:30,18:45,05-11-2020
733,V42103E1,"FLOR, ROME, ASSISI:THE LEGEND OF ST",11,16:30,18:45,05-13-2020
734,V42112E1,"REALISM & BAROQUE, ITALIAN 17 C PAINTING",13,11:30,13:45,05-14-2020
735,V42117E1,ROMAN BAROQUE ARCHITECTURE,10,14:00,16:15,05-13-2020
736,V42124E1,"HIGH RENAISS ARCHIT, BRAMANTE, RAPHAEL..",1,11:30,13:45,05-11-2020
737,V42133E1,"MODERN PAINTING, REALISM & SYMBOLISM",12,9:00,11:15,05-14-2020
738,V42143E1,"ART, CLASSICISM & SOCIETY 1750-1830 (2)",2,14:00,16:15,05-11-2020
739,V43103E1,"FLO, ROME, ASSISI:THE LEGEND OF ST F (3)",5,11:30,13:45,05-12-2020
740,V43112E1,"REALISM & BAROQUE, ITALIAN 17 C PAINTING",0,9:00,11:15,05-11-2020
741,V43117E1,ROMAN BAROQUE ARCHITECTURE,4,9:00,11:15,05-12-2020
742,V43124E1,"HIGH RENAISS ARCHIT, BRAMANTE, RAPHAEL..",1,11:30,13:45,05-11-2020
743,V43125E1,ENGLISH BAROQUE ARCHITECTURE,2,14:00,16:15,05-11-2020
744,V43133E1,"MODERN PAINTING, REALISM & SYMBOLISM",7,16:30,18:45,05-12-2020
745,V43143E1,"ART, CLASSICISM & SOCIETY 1750-1830 (3)",6,14:00,16:15,05-12-2020
746,V43239E1,ART IN FRANCE 1852-1870,8,9:00,11:15,05-13-2020
747,V61110E1,PREHISTORY FROM THE EARLIEST HUMANS TO..,17,11:30,13:45,05-15-2020
748,V61120E1,THE WEST. PROVINCES OF THE ROMAN EMPIRE,18,14:00,16:15,05-15-2020
749,V62200E1,ADVANCED TOPICS IN ARCHAEOL THEORY & MET,5,11:30,13:45,05-12-2020
750,V6A100E1,"INTRODUCTION TO ARCHAEOLOGY, I",0,9:00,11:15,05-11-2020
751,V6B302E1,ANTHROPOLOGY FOR ARCHAEOLOGISTS,4,9:00,11:15,05-12-2020
752,V6B306E1,MESOLITHIC ARCHAEOLOGY OF BRITAIN,1,11:30,13:45,05-11-2020
753,V6B307E1,EARLIER NEOLITHIC BRITAIN,9,11:30,13:45,05-13-2020
754,V6B308E1,PREHISTORIC AGRICULTURE,2,14:00,16:15,05-11-2020
755,V6B310E1,PREHISTORIC TECHNOLOGY,0,9:00,11:15,05-11-2020
756,V6B313E1,MIDDLE PLEISTOCENE ARCHAEOL OF GB & EURO,6,14:00,16:15,05-12-2020
757,V6B329E1,EARLY ROMAN BRITAIN,0,9:00,11:15,05-11-2020
758,V6B333E1,THE REGIONAL ARCHAEO OF CELTIC BRIT & IR,6,14:00,16:15,05-12-2020
759,V6B335E1,UNDERSTANDING ANCIENT & EARLY MEDIEV ART,0,9:00,11:15,05-11-2020
760,V6B336E1,THE DEVELOP OF ANCIENT & MEDIEVAL ART,7,16:30,18:45,05-12-2020
761,V71101E1,ELEMENTARY LOGIC I,0,9:00,11:15,05-11-2020
762,V72119E1,HUME'S THEORY OF KNOWLEDGE,15,16:30,18:45,05-14-2020
763,V72121E1,"MEANING, MIND & REALITY I, WITTGENSTEIN",13,11:30,13:45,05-14-2020
764,V72AINE1,ANCIENT INDIAN PHILOSOPHY,7,16:30,18:45,05-12-2020
765,V73127E1,PHILOSOPHY OF LAW,1,11:30,13:45,05-11-2020
766,V73128E1,"GOD, FREEDOM AND EVIL I",0,9:00,11:15,05-11-2020
767,V73232E1,SARTRE'S EARLY PHILOSOPHY,3,16:30,18:45,05-11-2020
768,V73233E1,INDIAN PHILOSOPHY SEMINAR,2,14:00,16:15,05-11-2020
769,V73MD1E1,PHILOSOPHY OF MIND 1,8,9:00,11:15,05-13-2020
770,V7A101E1,ELEMENTARY LOGIC: I,12,9:00,11:15,05-14-2020
771,V7A105E1,INTRODUCTION TO ETHICS I,0,9:00,11:15,05-11-2020
772,V7A107E1,DESCARTES,1,11:30,13:45,05-11-2020
773,V7A109E1,PLATO,5,11:30,13:45,05-12-2020
774,V7A117E1,"FORMAL LOGIC, I",6,14:00,16:15,05-12-2020
775,V7A204E1,INTRODUCTION TO THE THEORY OF KNOWLEDGE,3,16:30,18:45,05-11-2020
776,V7A211E1,INTRODUCTION TO POLITICAL PHILOSOPHY,11,16:30,18:45,05-13-2020
777,V7A214E1,THE ETHICS OF HUME & KANT,14,14:00,16:15,05-14-2020
778,V7A216E1,PHILOSOPHY OF SCIENCE,4,9:00,11:15,05-12-2020
779,V81101E1,INTRO TO THE STUDY OF THE OLD TESTAMENT,9,11:30,13:45,05-13-2020
780,V81103E1,INTRODUCTION TO BIBLICAL HEBREW,0,9:00,11:15,05-11-2020
781,V81105E1,INTRODUCTION TO BIBLICAL GREEK,11,16:30,18:45,05-13-2020
782,V81107E1,19TH CENTURY THEOLOGY,8,9:00,11:15,05-13-2020
783,V81109E1,INTRODUCTION TO THE STUDY OF RELIGION,13,11:30,13:45,05-14-2020
784,V81C17E1,CHRISTOLOGY,0,9:00,11:15,05-11-2020
785,V82110E1,INTRO TO THE PHILOSOPHY OF RELIGION,5,11:30,13:45,05-12-2020
786,V82111E1,TOPICS & TEXTS IN OLD TESTAMENT RELIGION,8,9:00,11:15,05-13-2020
787,V82113E1,THE LIFE & TEACHING OF JESUS,2,14:00,16:15,05-11-2020
788,V82115E1,THE PATRISTIC TRADITION,3,16:30,18:45,05-11-2020
789,V82C01E1,OLD TESTAMENT HISTORIES AND LAW,0,9:00,11:15,05-11-2020
790,V83119E1,"GOD, ISRAEL & THE FUTURE",4,9:00,11:15,05-12-2020
791,V83123E1,THEOLOGICAL ANTHROPOLOGY,2,14:00,16:15,05-11-2020
792,V83138E1,HERMENEUTICS: I,1,11:30,13:45,05-11-2020
793,V83143E1,JUDAISM FROM MID AGES TO PSNT DAY I,3,16:30,18:45,05-11-2020
794,W31A12E1,HISTORICAL AND CRITICAL APPROACHES,6,14:00,16:15,05-12-2020
795,W32C10E1,PERFORMANCE: HISTORY AND ANALYSIS,4,9:00,11:15,05-12-2020
796,W32F10E1,INTRO TO NOTATION AND TRANSCRIPTION,2,14:00,16:15,05-11-2020
797,W32H10E1,RENAISSANCE STUDIES: SACRED MUSIC,5,11:30,13:45,05-12-2020
798,W32H14E1,BAROQUE STUDIES: VOCAL & INSTRUMENTAL,1,11:30,13:45,05-11-2020
799,W32H16E1,20TH CENTURY STRY STUDIES: MUSIC 1900-1,3,16:30,18:45,05-11-2020
