Exam Id,Exam,Description,Department,Start Time,End Time,Date,Room
485,LKB2SAE1,INTER FACULTY SPANISH 2A,A*,9:00,11:15,05-11-2020,19
477,LKA1GAE1,INTER FACULTY GERMAN 1A,A*,11:30,13:45,05-11-2020,4
476,LKA1FAE1,INTER FACULTY FRENCH 1A,A*,9:00,11:15,05-11-2020,0
475,LK44SAE1,INTER FACULTY SPANISH 4A,A*,16:30,18:45,05-12-2020,8
474,LK44GAE1,INTER FACULTY GERMAN 4A,A*,9:00,11:15,05-12-2020,24
473,LK44FAE1,INTER FACULTY FRENCH 4A,A*,9:00,11:15,05-12-2020,7
472,LK10SAE1,INTER FACULTY SPANISH 0A,A*,11:30,13:45,05-11-2020,38
471,LK10RAE1,INTER FACULTY RUSSIAN OA,A*,14:00,16:15,05-11-2020,14
478,LKA1IAE1,INTER FACULTY ITALIAN 1S,A*,11:30,13:45,05-12-2020,27
470,LK10KBE1,INTER FACULTY MODERN GREEK 0B,A*,9:00,11:15,05-13-2020,20
468,LK10IAE1,INTER FACULTY ITALIAN OA,A*,9:00,11:15,05-11-2020,1
467,LK10GAE1,INTER FACULTY GERMAN 0A,A*,11:30,13:45,05-11-2020,9
466,LK10FAE1,INTER FACULTY FRENCH 0A,A*,14:00,16:15,05-11-2020,4
486,LKC3FAE1,INTER FACULTY FRENCH 3A,A*,11:30,13:45,05-11-2020,1
484,LKB2JAE1,INTER FACULTY JAPANESE 2A,A*,11:30,13:45,05-13-2020,23
487,LKC3GAE1,INTER FACULTY GERMAN 3A,A*,9:00,11:15,05-11-2020,7
488,LKC3RAE1,INTER FACULTY RUSSIAN 3A,A*,11:30,13:45,05-11-2020,82
469,LK10JAE1,INTER FACULTY JAPANESE OA,A*,14:00,16:15,05-11-2020,3
489,LKC3SAE1,INTER FACULTY SPANISH 3A,A*,14:00,16:15,05-11-2020,56
479,LKA1JAE1,INTER FACULTY JAPANESE 1A,A*,9:00,11:15,05-11-2020,36
483,LKB2GAE1,INTER FACULTY GERMAN 2A,A*,9:00,11:15,05-11-2020,4
481,LKA1SAE1,INTER FACULTY SPANISH 1A,A*,11:30,13:45,05-12-2020,15
482,LKB2FAE1,INTER FACULTY FRENCH 2A,A*,14:00,16:15,05-11-2020,35
480,LKA1RAE1,INTER FACULTY RUSSIAN 1A,A*,9:00,11:15,05-13-2020,25
759,V6B335E1,UNDERSTANDING ANCIENT & EARLY MEDIEV ART,AC,9:00,11:15,05-11-2020,114
758,V6B333E1,THE REGIONAL ARCHAEO OF CELTIC BRIT & IR,AC,14:00,16:15,05-12-2020,61
757,V6B329E1,EARLY ROMAN BRITAIN,AC,9:00,11:15,05-11-2020,18
756,V6B313E1,MIDDLE PLEISTOCENE ARCHAEOL OF GB & EURO,AC,14:00,16:15,05-12-2020,58
755,V6B310E1,PREHISTORIC TECHNOLOGY,AC,9:00,11:15,05-11-2020,110
747,V61110E1,PREHISTORY FROM THE EARLIEST HUMANS TO..,AC,11:30,13:45,05-15-2020,1
753,V6B307E1,EARLIER NEOLITHIC BRITAIN,AC,11:30,13:45,05-13-2020,20
752,V6B306E1,MESOLITHIC ARCHAEOLOGY OF BRITAIN,AC,11:30,13:45,05-11-2020,61
751,V6B302E1,ANTHROPOLOGY FOR ARCHAEOLOGISTS,AC,9:00,11:15,05-12-2020,0
750,V6A100E1,"INTRODUCTION TO ARCHAEOLOGY, I",AC,9:00,11:15,05-11-2020,2
749,V62200E1,ADVANCED TOPICS IN ARCHAEOL THEORY & MET,AC,11:30,13:45,05-12-2020,19
748,V61120E1,THE WEST. PROVINCES OF THE ROMAN EMPIRE,AC,14:00,16:15,05-15-2020,0
760,V6B336E1,THE DEVELOP OF ANCIENT & MEDIEVAL ART,AC,16:30,18:45,05-12-2020,12
754,V6B308E1,PREHISTORIC AGRICULTURE,AC,14:00,16:15,05-11-2020,81
523,M3A015E1,LAND LAW A,AE,11:30,13:45,05-14-2020,9
109,D23342E1,"HORTICULT CROP PROD 2, FRUIT CROP SCIENC",AH,16:30,18:45,05-11-2020,57
573,Q4A210E1,SELECTED AMERICAN NOVELS,AI,14:00,16:15,05-12-2020,42
572,Q4A106E1,INTRODUCTION TO CANADIAN STUDIES,AI,16:30,18:45,05-11-2020,12
1,AA3008E1,HOLLYWOOD & THE EUROPEAN CINEMA,AI,11:30,13:45,05-11-2020,18
574,Q4A219E1,THE AMERICAN 1850S,AI,14:00,16:15,05-11-2020,49
575,Q4B102E1,US-SOVIET RELATIONS 1917-1991,AI,16:30,18:45,05-11-2020,37
576,Q4B104E1,MARK TWAIN,AI,9:00,11:15,05-12-2020,54
571,Q4A101E1,"AMERICAN HISTORY I, 1607-1945",AI,9:00,11:15,05-14-2020,12
384,K1AHRSE1,HUMAN RESPONSES,AR,11:30,13:45,05-11-2020,95
385,K1AHWAE2,HISTORY OF WESTERN ARCHITECTURE,AR,11:30,13:45,05-13-2020,24
386,K1APADE1,PRINCIPLES OF ARCHITECTURAL DESIGN,AR,16:30,18:45,05-13-2020,19
387,K1ATS1E1,THERMAL STUDIES 1,AR,9:00,11:15,05-11-2020,74
388,K1BACOE1,ACOUSTICS,AR,9:00,11:15,05-11-2020,96
389,K1BBS1E1,INTEGRATED BUILDING SERVICES 1,AR,9:00,11:15,05-12-2020,58
390,K1BCSTE1,CONCRETE STRUCTURES,AR,11:30,13:45,05-12-2020,59
391,K1BTMSE1,TIMBER & MASONRY STRUCTURES,AR,11:30,13:45,05-11-2020,65
392,K41110E1,INTRODUCTION TO PLANNING,AR,9:00,11:15,05-11-2020,30
393,K41210E1,THEORY OF URBAN DESIGN I,AR,11:30,13:45,05-12-2020,9
395,K43100E1,TRANSPORT ECONOMICS AND POLICY,AR,11:30,13:45,05-11-2020,70
383,K1AEU1E1,ENERGY USE IN SMALL BUILDINGS 1,AR,14:00,16:15,05-11-2020,46
402,K4P300E1,PLANNING PRACTICE & MANAGEMENT I,AR,9:00,11:15,05-11-2020,113
401,K4P100E1,INTRODUCTION TO ECONOMICS (FOR PLANNERS),AR,11:30,13:45,05-11-2020,104
400,K4C290E1,DEVELOPMENT FINANCE (A),AR,11:30,13:45,05-11-2020,109
398,K4C140E1,SOCIAL ASPECTS OF PLANNING,AR,16:30,18:45,05-11-2020,60
397,K4C120E1,PLANNING METHODS I,AR,14:00,16:15,05-11-2020,67
396,K4C110E1,PLANNING THEORY,AR,9:00,11:15,05-11-2020,86
394,K42120E1,URBAN PLANNING ECONOMICS,AR,9:00,11:15,05-11-2020,104
399,K4C280E1,RURAL PLANNING (A),AR,11:30,13:45,05-11-2020,92
62,C72303E1,PROTEIN & GENE FUNCTION IIA,BC,9:00,11:15,05-12-2020,51
63,C73507E1,ADVANCED BIOCHEMISTRY I,BC,11:30,13:45,05-11-2020,86
12,B12301E1,NEUROCHEM & DEVELOPMENTAL NEUROSCIENCE,BC,11:30,13:45,05-12-2020,64
108,D23336E1,"FOOD MICROBIOL 2, THE MICROFLORA OF FOOD",BN,9:00,11:15,05-11-2020,112
105,D21102E1,"MICROBIOLOGY, AN INTRODUCTION",BN,9:00,11:15,05-11-2020,91
106,D22227E1,"FOOD SCIENCE 6, FOOD FACTORY OPERATIONS",BN,9:00,11:15,05-11-2020,120
316,H81050E1,APPLIED CHEMISTRY,CE,11:30,13:45,05-12-2020,40
317,H82006E1,CATALYSIS & INTERFACIAL PHENOMENA,CE,9:00,11:15,05-11-2020,90
318,H82024E1,BASIS OF BIOTECHNOLOGY,CE,11:30,13:45,05-11-2020,64
319,H82029E1,MASS TRANSFER,CE,11:30,13:45,05-12-2020,61
320,H82046E1,SEPARATION PROCESSES I,CE,16:30,18:45,05-12-2020,33
321,H83024E1,BASIS OF BIOTECHNOLOGY,CE,14:00,16:15,05-12-2020,19
323,H8A011E1,CHEMICAL PROCESS PRINCIPLES I,CE,14:00,16:15,05-12-2020,59
324,H8B040E1,PROCESS DYNAMICS & CONTROL,CE,9:00,11:15,05-13-2020,4
325,H8B045E1,REACTOR DESIGN,CE,11:30,13:45,05-12-2020,57
326,H8C001E1,ADVANCED PROCESS CONTROL,CE,14:00,16:15,05-11-2020,74
327,H8C002E1,ADVANCED REACTION ENGINEERING,CE,11:30,13:45,05-12-2020,33
329,H8C039E1,PROCESS DESIGN,CE,16:30,18:45,05-11-2020,69
330,H8C043E1,PROJECT ENGINEERING,CE,14:00,16:15,05-12-2020,6
315,H81022E1,FLUID MECHANICS,CE,9:00,11:15,05-12-2020,37
354,J1A111E1,ENVIRONMENTAL CHEMISTRY,CE,11:30,13:45,05-11-2020,99
577,Q81001E1,THE GREEK WORLD,CL,16:30,18:45,05-12-2020,18
600,Q8B063E1,ATHENIAN DEMOCRACY,CL,14:00,16:15,05-12-2020,36
599,Q8B056E1,GREEK VASE PAINTING,CL,16:30,18:45,05-11-2020,19
598,Q8B045E1,HERODOTEAN INVESTIGATIONS,CL,16:30,18:45,05-13-2020,16
597,Q8B044E1,ARISTOPHANES LYSISTRATA,CL,16:30,18:45,05-11-2020,56
596,Q8B043E1,A STUDY OF ARISTOPHANES,CL,11:30,13:45,05-13-2020,7
594,Q83198E1,ADVANCED GREEK LANGUAGE V,CL,14:00,16:15,05-11-2020,30
593,Q83186E1,AUGUSTUS V,CL,9:00,11:15,05-11-2020,107
591,Q83172E1,LIT WIT & CRIT: SDY JUV'S SATIRES V,CL,16:30,18:45,05-11-2020,14
590,Q83170E1,LIT WIT & CRIT: SDY JUV'S SATIRES III,CL,9:00,11:15,05-11-2020,108
589,Q83168E1,LIT WIT & SOC CRIT:SDY JUVENAL'S SATIRES,CL,9:00,11:15,05-12-2020,60
588,Q83144E1,THE GREEK CITY AFTE ALEXANDER V,CL,9:00,11:15,05-11-2020,87
587,Q83142E1,THE GREEK CITY AFTER ALEXANDER III,CL,9:00,11:15,05-11-2020,63
586,Q83110E1,HOMER AND THE ILIAD V,CL,11:30,13:45,05-11-2020,103
585,Q83108E1,HOMER AND THE ILIAD III,CL,11:30,13:45,05-11-2020,66
584,Q82031E1,ADVANCED GREEK LANGUAGE III,CL,9:00,11:15,05-12-2020,66
583,Q82028E1,INTERMEDIATE LATIN II,CL,11:30,13:45,05-12-2020,49
582,Q82024E1,INTERMEDIATE GREEK II,CL,14:00,16:15,05-11-2020,53
581,Q81016E1,GREEK FOR BEGINNERS II,CL,11:30,13:45,05-11-2020,43
580,Q81011E1,ADVANCED GREEK LITERATURE:VERSE,CL,9:00,11:15,05-11-2020,97
579,Q81009E1,ADVANCED LATIN LANGUAGE I,CL,14:00,16:15,05-13-2020,11
578,Q81003E1,ANCIENT GREEK HISTORY - AN INTRODUCTION,CL,11:30,13:45,05-13-2020,29
601,Q8B074E1,"SELECT POEMS OF CATULLUS, PERSONAL POET",CL,9:00,11:15,05-11-2020,48
604,Q8B094E1,THE REP IN CRISIS:ROME & ITALY 200-89 BC,CL,11:30,13:45,05-11-2020,5
592,Q83184E1,AUGUSTUS III,CL,11:30,13:45,05-12-2020,50
607,Q8P010E1,ETHNICITY IN GREEK DRAMA,CL,9:00,11:15,05-11-2020,109
605,Q8B096E1,EMPEROR ARMY & COURT,CL,9:00,11:15,05-11-2020,116
134,F13I01E1,BIOINORGANIC CHEMISTRY (I5BJ),CM,9:00,11:15,05-11-2020,71
135,F13I02E1,ADVANCED INORGANIC CHEMISTRY (I5H),CM,16:30,18:45,05-11-2020,39
136,F13I03E1,INORGANIC SOLID STATE CHEM (I5J),CM,11:30,13:45,05-12-2020,69
137,F13I05E1,LASERS IN CHEMISTRY (S5HC),CM,11:30,13:45,05-11-2020,71
138,F13I06E1,THE CHEM OF CORROSION PROCESSES (S5H),CM,14:00,16:15,05-11-2020,1
139,F13O01E1,ADVANCED ORGANIC CHEM I (O5B),CM,14:00,16:15,05-11-2020,24
140,F13O02E1,ADVANCED ORGANIC CHEMISTRY I (05H),CM,9:00,11:15,05-12-2020,44
141,F13O03E1,ADVANCED ORGANIC CHEMISTRY I (05J),CM,16:30,18:45,05-13-2020,18
142,F13O06E1,INDUSTRIAL PRODUCTS & MATERIALS (S5/HJ),CM,9:00,11:15,05-11-2020,84
143,F13P01E1,ADVANCED PHYSICAL CHEMISTRY I (P5HC),CM,9:00,11:15,05-11-2020,28
144,F13P02E1,ADVANCED ANALYTICAL TECHNIQUES (P5M),CM,9:00,11:15,05-11-2020,62
145,F13P03E1,PHYSICAL CHEM OF POLYMERIC MATS (S5HBJ),CM,9:00,11:15,05-12-2020,41
146,F13P05E1,SURFACE SCIENCE (S5HC),CM,16:30,18:45,05-11-2020,8
148,F13X03E1,ADVANCED CHEMISTRY OPTIONS 1A,CM,11:30,13:45,05-11-2020,42
149,F13X04E1,ADVANCED CHEMISTRY OPTIONS 2A,CM,11:30,13:45,05-11-2020,56
133,F12X05E1,BASIC INORGANIC & ORGANIC CHEM.(IO3M),CM,16:30,18:45,05-11-2020,63
132,F12X04E3,CORE CHEMISTRY THEORY I (TH3J),CM,9:00,11:15,05-13-2020,40
147,F13X01E1,ADVAN INORGANIC & ORGANIC CHEM (I/O5M),CM,11:30,13:45,05-11-2020,80
130,F12X04E1,CORE CHEMISTRY THEORY I (TH3J),CM,9:00,11:15,05-11-2020,39
131,F12X04E2,CORE CHEMISTRY THEORY I (TH3J),CM,14:00,16:15,05-12-2020,5
117,F11I02E1,FOUNDATION INORGANIC CHEM I (I1H),CM,11:30,13:45,05-13-2020,15
118,F11O01E1,INTRODUCT ORGANIC CHEMISTRY I (01BCJM),CM,9:00,11:15,05-13-2020,26
119,F11O02E1,FOUNDATION ORGANIC CHEMISTRY I (01H),CM,14:00,16:15,05-14-2020,4
120,F11P01E1,INTRODUCTORY PHYSICAL CHEM I (P1BJM),CM,16:30,18:45,05-11-2020,47
121,F11P02E1,FOUNDATION PHYSICAL CHEM I (P1HCJ),CM,16:30,18:45,05-11-2020,10
122,F12I01E1,CORE INORGANIC CHEMISTRY (I3B),CM,9:00,11:15,05-11-2020,79
116,F11I01E1,INTRO INORGANIC CHEM I (L1BCJM),CM,11:30,13:45,05-11-2020,19
124,F12O01E1,CORE ORGANIC & BIOLOGICAL CHEM I (03B),CM,11:30,13:45,05-11-2020,108
125,F12O02E1,CORE ORGANIC CHEM I (03H),CM,14:00,16:15,05-12-2020,60
126,F12P01E1,CORE PHYSICAL CHEM I (P3B),CM,14:00,16:15,05-11-2020,32
127,F12P02E1,CORE PHYSICAL CHEMISTRY I (P3HC),CM,11:30,13:45,05-11-2020,35
128,F12P03E1,PHYSICAL CHEMISTRY I (P3M),CM,14:00,16:15,05-11-2020,82
129,F12X02E1,GERMAN FOR CHEMISTS (*3),CM,11:30,13:45,05-12-2020,37
123,F12I02E1,CORE INORGANIC CHEMISTRY I (I3HC),CM,14:00,16:15,05-11-2020,39
240,H22M02E1,CONSTRUCTION MANAGEMENT 2,CV,14:00,16:15,05-13-2020,20
241,H22S02E1,STRUCTURAL ENGINEERING 2,CV,14:00,16:15,05-12-2020,48
242,H22V02E1,ENGINEERING SURVEYING 2,CV,11:30,13:45,05-12-2020,51
243,H23C20E1,CIVIL ENGINEERING STUDIES 2,CV,14:00,16:15,05-12-2020,21
254,H2CV03E1,GEODESY,CV,9:00,11:15,05-13-2020,34
253,H2CT01E1,TRAFFIC ENGINEERING,CV,9:00,11:15,05-12-2020,15
250,H2CP01E1,PAVEMENT ENGINEERING,CV,14:00,16:15,05-11-2020,18
251,H2CS05E1,CONCRETE STRUCTURES,CV,16:30,18:45,05-11-2020,31
249,H2CM04E1,CONSTRUCTION PLANNING & CONTROL,CV,11:30,13:45,05-13-2020,31
248,H2CH05E1,OPEN-CHANNEL HYDRAULICS,CV,11:30,13:45,05-12-2020,25
247,H2CH04E1,UNSTEADY FLUID MECHANICS,CV,9:00,11:15,05-11-2020,32
239,H22G06E1,SUBSIDIARY SOIL MECHANICS,CV,11:30,13:45,05-11-2020,8
246,H2CG03E1,FOUNDATION ENGINEERING,CV,16:30,18:45,05-12-2020,16
252,H2CS06E1,CONCRETE TECHNOLOGY,CV,14:00,16:15,05-13-2020,22
238,H22C20E1,CIVIL ENGINEERING STUDIES 2,CV,14:00,16:15,05-11-2020,44
244,H23CEOE1,ENVIRONMENTAL FLUID MECHANICS,CV,11:30,13:45,05-11-2020,76
236,H21H01E1,HYDRAULIC ENGINEERING 1,CV,9:00,11:15,05-11-2020,50
245,H24C20E1,CIVIL ENGINEERING STUDIES 2,CV,11:30,13:45,05-11-2020,44
237,H21M01E1,CONSTRUCTION MANAGEMENT 1,CV,14:00,16:15,05-12-2020,51
222,G52OBJE1,OBJECT-ORIENTED METHODS,CX,9:00,11:15,05-13-2020,17
221,G52ALGE1,ALGORITHMS,CX,11:30,13:45,05-11-2020,41
220,G51MC1E1,MATHEMATICS FOR COMPUTER SCIENCE 1,CX,16:30,18:45,05-11-2020,21
219,G51HOCE1,HISTORY OF COMPUTERS & COMPUTING,CX,9:00,11:15,05-11-2020,54
218,G51DSDE1,DIGITAL SYSTEMS DESIGN,CX,9:00,11:15,05-12-2020,27
226,G53VIPE1,VISUAL IMAGE PROCESSING,CX,11:30,13:45,05-12-2020,60
227,G5ABELE1,BASIC ELECTRONICS,CX,11:30,13:45,05-11-2020,100
230,G5BDBSE1,DATABASE SYSTEMS,CX,14:00,16:15,05-12-2020,7
231,G5BGRAE1,COMPUTER GRAPHICS,CX,9:00,11:15,05-12-2020,38
223,G53FSPE1,FORMAL SPECIFICATION,CX,16:30,18:45,05-11-2020,51
232,G5BSBBE1,SYSTEMS BUILDING BLOCKS,CX,9:00,11:15,05-11-2020,72
233,G5P002E1,INTRO. TO EXPERT SYSTEMS,CX,14:00,16:15,05-11-2020,7
234,G5P005E1,INDUSTRIAL INFORMATION SYSTEMS,CX,9:00,11:15,05-11-2020,80
228,G5BAIPE1,ARTIFICIAL INTELLIGENCE PROGRAMMING,CX,16:30,18:45,05-11-2020,50
229,G5BCCNE1,COMPUTER COMMUNICATIONS AND NETWORKS,CX,11:30,13:45,05-12-2020,22
225,G53RDBE1,THEORY OF RELATIONAL DATABASES,CX,11:30,13:45,05-11-2020,50
224,G53LCTE1,LANGUAGES & COMPILATION TECHNIQUES,CX,16:30,18:45,05-12-2020,28
418,L13502E1,ECONOMICS OF THE PUBLIC SECTOR I,EC,14:00,16:15,05-12-2020,35
417,L12404E1,APPLIED ECON. IV-THE FIRM IN THEORY & PR,EC,14:00,16:15,05-13-2020,8
416,L12330E1,THE EUROPEAN ECONOMY I,EC,9:00,11:15,05-11-2020,53
415,L12320E1,ECONOMETRICS I,EC,11:30,13:45,05-12-2020,43
414,L12310E1,AGRICULTURAL ECONOMICS I,EC,9:00,11:15,05-11-2020,81
413,L12303E1,APPLIED ECONOMICS I - PUBLIC SECTOR,EC,9:00,11:15,05-14-2020,7
412,L12302E1,MICROECONOMIC THEORY,EC,9:00,11:15,05-12-2020,5
411,L11150E1,INTRODUCTORY ECONOMETRICS I,EC,14:00,16:15,05-13-2020,6
410,L11140E1,MICROECONOMICS 1C,EC,14:00,16:15,05-11-2020,38
409,L11130E1,MICROECONOMICS 1B,EC,9:00,11:15,05-11-2020,75
422,L13507E1,BANKING AND FINANCE I,EC,14:00,16:15,05-11-2020,10
407,L11111E1,INTRO.TO AGRICULTURAL ECONS(ALTERNATIVE),EC,14:00,16:15,05-11-2020,47
406,L11110E1,INTRODUCTION TO AGRICULTURAL ECONOMICS,EC,11:30,13:45,05-11-2020,23
420,L13504E1,ECONOMIC DEVELOPMENT I,EC,11:30,13:45,05-14-2020,8
408,L11120E1,MATHEMATICAL ECONOMICS I,EC,16:30,18:45,05-14-2020,1
421,L13505E1,ECONOMICS OF INTERNATIONAL TRADE I,EC,14:00,16:15,05-13-2020,0
423,L13508E1,HEALTH ECONOMICS I,EC,16:30,18:45,05-11-2020,53
424,L13509E1,MONETARY ECONOMICS I,EC,11:30,13:45,05-11-2020,39
425,L13510E1,ECONOMICS OF EURO AGRICULTURAL POLICY,EC,9:00,11:15,05-11-2020,55
426,L13511E1,AGRICULTURE IN DEVELOPMENT I,EC,9:00,11:15,05-12-2020,59
427,L13516E1,ADVANCED MICROECONOMICS I: ECON OF INNO,EC,9:00,11:15,05-11-2020,56
419,L13503E1,ECONOMICS OF THE EUROPEAN COMMUNITY,EC,9:00,11:15,05-13-2020,1
429,L13521E1,ADVANCED ECONOMETRIC THEORY,EC,9:00,11:15,05-12-2020,55
403,L11100E1,MICROECONOMICS 1A,EC,9:00,11:15,05-15-2020,0
405,L11102E1,QUANT METHODS WITH COMPUTING I,EC,16:30,18:45,05-12-2020,5
428,L13520E1,TOPICS IN ECONOMETRICS I,EC,11:30,13:45,05-12-2020,42
286,H6C133E1,SOLID STATE DEVICES,EE,14:00,16:15,05-13-2020,14
288,H6C162E1,COMMUNICATIONS 2,EE,14:00,16:15,05-12-2020,20
285,H63122E1,ELECTRONICS 1,EE,14:00,16:15,05-11-2020,13
290,H6P002E1,MICROPROCESSORS & MICROCOMPUTERS,EE,11:30,13:45,05-11-2020,0
289,H6P001E1,INTRODUCTORY ELECTRONICS,EE,9:00,11:15,05-11-2020,95
287,H6C152E1,SOFTWARE ENGINEERING 3,EE,16:30,18:45,05-12-2020,15
277,H52110E1,POWER ELECTRONICS & NETWORKS,EE,16:30,18:45,05-13-2020,4
283,H62131E1,ELECTRONIC DEVICES AND CIRCUITS,EE,14:00,16:15,05-12-2020,11
282,H61120E1,DIGITAL ELECTRONICS I,EE,16:30,18:45,05-12-2020,0
281,H5C142E1,ELECTRICAL MACHINES,EE,11:30,13:45,05-13-2020,19
280,H5C113E1,POWER ELECTRONICS,EE,16:30,18:45,05-13-2020,14
274,H51100E1,ELECTRICAL & ELECTRONIC CIRCUITS,EE,9:00,11:15,05-12-2020,17
275,H51140E1,MECHANICS,EE,14:00,16:15,05-12-2020,27
284,H62160E1,SIGNAL PROCESSING I,EE,16:30,18:45,05-12-2020,13
276,H51200E1,COMPANY ORGANISATION & PRACTICE,EE,9:00,11:15,05-13-2020,15
279,H5C112E1,POWER NETWORKS,EE,14:00,16:15,05-13-2020,15
115,EN00P7E1,ELECTRICITY AND MAGNETISM A,EE,16:30,18:45,05-11-2020,3
278,H53171E1,CONTROL II,EE,16:30,18:45,05-11-2020,25
565,Q3A301E1,SELECTED MODERN AUTHORS,EN,9:00,11:15,05-11-2020,94
570,Q3B211E1,OLD ENGLISH: MANUSCRIPTS,EN,9:00,11:15,05-11-2020,82
568,Q3A308E1,MODERN LITERATURE I,EN,16:30,18:45,05-12-2020,1
567,Q3A307E1,VICTORIAN LITERATURE I,EN,9:00,11:15,05-12-2020,39
566,Q3A303E1,"LIT IN THE MARKET-PLACE, ENG LIT 1700-50",EN,9:00,11:15,05-11-2020,37
564,Q3A201E1,"OLD ENGLISH, ENABLING SKILLS",EN,14:00,16:15,05-14-2020,3
563,Q33308E1,MODERN LITERATURE I,EN,14:00,16:15,05-13-2020,4
562,Q33307E1,VICTORIAN LITERATURE I,EN,9:00,11:15,05-13-2020,13
561,Q33211E1,MEDIEVAL ENGLISH LIT I,EN,14:00,16:15,05-12-2020,3
569,Q3B201E1,HISTORY OF ENGLISH I,EN,16:30,18:45,05-11-2020,40
559,Q31301E1,SELECTED MODERN AUTHORS,EN,11:30,13:45,05-14-2020,0
8,AAB025E1,INTRODUCTION TO THE VIKING AGE,EN,11:30,13:45,05-13-2020,27
560,Q32302E1,"LIT IN THE MARKET-PLACE, ENG LIT 1700-50",EN,9:00,11:15,05-12-2020,10
741,V43117E1,ROMAN BAROQUE ARCHITECTURE,FA,9:00,11:15,05-12-2020,43
740,V43112E1,"REALISM & BAROQUE, ITALIAN 17 C PAINTING",FA,9:00,11:15,05-11-2020,38
739,V43103E1,"FLO, ROME, ASSISI:THE LEGEND OF ST F (3)",FA,11:30,13:45,05-12-2020,55
738,V42143E1,"ART, CLASSICISM & SOCIETY 1750-1830 (2)",FA,14:00,16:15,05-11-2020,29
744,V43133E1,"MODERN PAINTING, REALISM & SYMBOLISM",FA,16:30,18:45,05-12-2020,37
737,V42133E1,"MODERN PAINTING, REALISM & SYMBOLISM",FA,9:00,11:15,05-14-2020,5
736,V42124E1,"HIGH RENAISS ARCHIT, BRAMANTE, RAPHAEL..",FA,11:30,13:45,05-11-2020,12
735,V42117E1,ROMAN BAROQUE ARCHITECTURE,FA,14:00,16:15,05-13-2020,13
745,V43143E1,"ART, CLASSICISM & SOCIETY 1750-1830 (3)",FA,14:00,16:15,05-12-2020,43
746,V43239E1,ART IN FRANCE 1852-1870,FA,9:00,11:15,05-13-2020,0
743,V43125E1,ENGLISH BAROQUE ARCHITECTURE,FA,14:00,16:15,05-11-2020,73
733,V42103E1,"FLOR, ROME, ASSISI:THE LEGEND OF ST",FA,16:30,18:45,05-13-2020,12
732,V41143E1,"ART, CLASSICISM & SOCIETY 1750-1830 (1)",FA,16:30,18:45,05-11-2020,36
731,V41142E1,INTRODUCTION TO ART HISTORY 2,FA,14:00,16:15,05-11-2020,0
742,V43124E1,"HIGH RENAISS ARCHIT, BRAMANTE, RAPHAEL..",FA,11:30,13:45,05-11-2020,27
727,V41103E1,"FLOR, ROME, ASSISSI: THE LEG OF ST F (1)",FA,11:30,13:45,05-13-2020,0
728,V41112E1,"REALISM & BAROQUE, ITALIAN 17 C PAINTING",FA,11:30,13:45,05-11-2020,31
729,V41124E1,"HIGH RENAISS ARCHIT, BRAMANTE, RAPHAEL..",FA,9:00,11:15,05-13-2020,19
730,V41133E1,"MODERN PAINTING, REALISM & SYMBOLISM",FA,9:00,11:15,05-12-2020,20
734,V42112E1,"REALISM & BAROQUE, ITALIAN 17 C PAINTING",FA,11:30,13:45,05-14-2020,5
95,C82SUAE1,SOCIAL PSYCHOLOGY 2A,FG,11:30,13:45,05-11-2020,54
89,C82DUAE1,HUMAN DEVELOPMENT 2A,FG,11:30,13:45,05-12-2020,41
90,C82HUAE1,PSYCHOLOGY OF MAINTAINING HEALTH,FG,9:00,11:15,05-12-2020,52
92,C82MHAE1,PRACTICAL AND STATISTICAL METHODS 2A,FG,14:00,16:15,05-12-2020,55
93,C82MJAE1,PRAC.& STAT. METHODS FOR JT.HONS.2A,FG,14:00,16:15,05-11-2020,77
94,C82OUAE1,OCCUPATIONAL PSYCHOLOGY 2A,FG,11:30,13:45,05-12-2020,58
64,C81HAAE1,ARTIFICIAL INTELLIGENCE 1A,FG,11:30,13:45,05-12-2020,23
83,C81JIAE2,INTRO.TO BIOL.&ARTIFICIAL INTELL.1A,FG,11:30,13:45,05-11-2020,93
82,C81JIAE1,INTRO.TO BIOL.&ARTIFICIAL INTELL.1A,FG,9:00,11:15,05-11-2020,102
81,C81J5AE2,"INTRO TO COGNIT.,DEVEL.& SOC.PSYCH 1A",FG,11:30,13:45,05-13-2020,14
87,C82BUAE1,BIOLOGICAL PSYCHOLOGY 2A,FG,16:30,18:45,05-12-2020,3
71,C81IDAE1,INTRO TO DEVELOPMENTAL & SOCIAL PSYCH,FG,9:00,11:15,05-12-2020,9
70,C81ICAE1,INTRO.TO COGNITIVE PSYCHOLOGY 1A,FG,14:00,16:15,05-11-2020,36
67,C81HDAE1,DEVELOPMENTAL AND SOCIAL PSYCHOLOGY 1A,FG,16:30,18:45,05-13-2020,0
66,C81HCAE1,COGNITIVE PSYCHOLOGY 1A,FG,9:00,11:15,05-13-2020,23
65,C81HBAE1,BIOLOGICAL PSYCHOLOGY 1A,FG,11:30,13:45,05-14-2020,1
86,C82BCSE1,BIOLOGICAL PSYCH.FOR COGNITIVE SCI.,FG,16:30,18:45,05-11-2020,35
80,C81J5AE1,"INTRO TO COGNIT.,DEVEL.& SOC.PSYCH 1A",FG,9:00,11:15,05-12-2020,32
619,R13001E1,TRANSLATION FROM AND INTO FRENCH (1),FR,9:00,11:15,05-11-2020,42
621,R13005E1,ARTHURIAN LEGEND & ROMANCE,FR,14:00,16:15,05-11-2020,9
633,R13023E1,FAIRY TALE,FR,11:30,13:45,05-13-2020,12
634,R13044E1,MODERN FRENCH POETRY & POETICS,FR,16:30,18:45,05-11-2020,66
635,R13101E1,HISTORY OF FRENCH CINEMA 1895-1939,FR,11:30,13:45,05-11-2020,98
630,R13017E1,JEAN-JACQUES ROUSSEAU:THE THINKER,FR,14:00,16:15,05-12-2020,28
629,R13016E1,MOLIERE UP TO LE MISANTHROPE,FR,11:30,13:45,05-11-2020,29
628,R13015E1,MONTAIGNE,FR,9:00,11:15,05-13-2020,7
627,R13014E1,CHRETIEN DE TROYES,FR,11:30,13:45,05-12-2020,8
626,R13012E1,POLITICS & CULTURE IN THE 4TH REPUBLIC,FR,14:00,16:15,05-11-2020,15
625,R13011E1,HISTORY OF THE FRENCH CINEMA 1895-1933,FR,14:00,16:15,05-12-2020,22
623,R13007E1,NINETEENTH CENTURY NOVEL,FR,16:30,18:45,05-12-2020,25
622,R13006E1,THE EIGHTEENTH CENTURY FRENCH NOVEL,FR,9:00,11:15,05-12-2020,46
632,R13022E1,BLACK AFRICAN NOVEL,FR,16:30,18:45,05-11-2020,48
631,R13021E1,BEFORE BEAUVOIR: FIRST WAVE FEMINISM,FR,11:30,13:45,05-12-2020,17
620,R13003E1,THE FRENCH LANGUAGE & ITS SPEAKERS,FR,9:00,11:15,05-12-2020,11
609,R11002E1,THE STATUS OF THE FRENCH LANGUAGE,FR,11:30,13:45,05-14-2020,3
610,R11003E1,INTRODUCTION TO FRENCH LIT. I - DRAMA,FR,9:00,11:15,05-14-2020,2
611,R11004E1,MODERN FRANCE - HISTORY AND POLITICS,FR,11:30,13:45,05-13-2020,17
612,R12001E1,THE FRENCH LANGUAGE II (1),FR,14:00,16:15,05-12-2020,2
613,R12002E1,THE LINGUISTIC HISTORY OF FRANCE,FR,14:00,16:15,05-11-2020,34
614,R12005E1,EIGHTEENTH CENTURY FRENCH LITERATURE,FR,16:30,18:45,05-13-2020,3
615,R12008E1,RECENT WOMEN'S WRITING,FR,11:30,13:45,05-12-2020,32
616,R12024E1,MEDIEVAL FRENCH LITERATURE,FR,11:30,13:45,05-11-2020,14
617,R12025E1,17TH CENTURY LITERATURE & SOCIETY,FR,9:00,11:15,05-12-2020,19
618,R12026E1,NINETEENTH CENTURY FRENCH POETRY,FR,16:30,18:45,05-12-2020,22
608,R11001E1,FRENCH LANGUAGE,FR,11:30,13:45,05-12-2020,6
449,L81112E1,SOCIETY AND SPACE,GG,16:30,18:45,05-12-2020,4
450,L81122E1,OCEANIC & ATMOSPHERIC SYSTEMS,GG,16:30,18:45,05-11-2020,22
465,L83160E1,"EARTH,POLICY & GLOBAL ETHICS",GG,9:00,11:15,05-11-2020,58
451,L82111E1,LOCATION & ORGANISATION OF IND ACTIVITY,GG,9:00,11:15,05-14-2020,4
452,L82113E1,MEDICAL GEOGRAPHY,GG,16:30,18:45,05-11-2020,7
453,L82120E1,THEORETICAL GEOMORPHOLOGY,GG,9:00,11:15,05-11-2020,17
454,L82121E1,ATMOSPHERIC PROCESSES,GG,14:00,16:15,05-13-2020,12
455,L82124E1,WATER RESOURCES MANAGEMENT,GG,11:30,13:45,05-11-2020,105
456,L82125E1,HYDROLOGY:WATER AS A RESOURCE,GG,16:30,18:45,05-12-2020,6
457,L82132E1,REMOTE SENSING,GG,9:00,11:15,05-13-2020,3
458,L83112E1,THE GEOGRAPHY OF HEALTH & DISEASE,GG,14:00,16:15,05-12-2020,53
460,L83118E1,THE ENGLISH LANDED ESTATE,GG,16:30,18:45,05-11-2020,70
461,L83120E1,ADVANCED PHYSICAL PROCESSES,GG,9:00,11:15,05-12-2020,56
462,L83121E1,LANDSCAPE ECOLOGY,GG,14:00,16:15,05-11-2020,72
463,L83122E1,INTEGRATED RIVER BASIN MANAGEMENT,GG,11:30,13:45,05-11-2020,84
464,L83123E1,APPLIED GEOMORPHOLOGY,GG,14:00,16:15,05-11-2020,43
645,R22212E1,BRECHT'S MAJOR PLAYS,GM,16:30,18:45,05-11-2020,46
644,R22204E1,DAS DEUTSCHE LUSTSPIEL,GM,14:00,16:15,05-13-2020,21
643,R22203E1,EIGHTEENTH CENTURY DRAMA,GM,14:00,16:15,05-14-2020,7
624,R13009E1,WKY CLASS WRITING IN FRANCE & GERMANY,GM,11:30,13:45,05-11-2020,11
642,R22112E1,AUSLANDER IN DEUTSCHLAND,GM,11:30,13:45,05-13-2020,30
646,R23009E1,WORKING-CLASS WRITING IN FRANCE & GERM,GM,16:30,18:45,05-12-2020,31
637,R21104E1,ASPECTS OF GERMAN LANG I-,GM,14:00,16:15,05-11-2020,64
648,R23104E1,GERMAN LANGUAGE VII,GM,9:00,11:15,05-11-2020,11
649,R23105E1,DUTCH I,GM,16:30,18:45,05-11-2020,64
650,R23106E1,THE MEDIEVAL GERMAN NOVEL I,GM,14:00,16:15,05-11-2020,50
651,R23107E1,KANT AND SCHILLER,GM,11:30,13:45,05-13-2020,26
636,R21101E1,GERMAN LANGUAGE I,GM,16:30,18:45,05-14-2020,0
652,R23111E1,GERMAN DRAMA 1945 - 70,GM,9:00,11:15,05-12-2020,23
654,R23209E1,NATIONALSOZIALISTISCHE TEXTE,GM,14:00,16:15,05-12-2020,4
655,R23216E1,INTRODUCTION TO MARXIST CRITICISM,GM,14:00,16:15,05-11-2020,54
638,R21206E1,DEUTSCHLAND HEUTE,GM,9:00,11:15,05-11-2020,22
639,R22101E1,GERMAN LANGUAGE III,GM,9:00,11:15,05-13-2020,30
640,R22102E1,MEDIEVAL GERMAN LANG & LIT I,GM,16:30,18:45,05-12-2020,7
641,R22110E1,EARLY GERMAN CINEMA,GM,11:30,13:45,05-13-2020,6
653,R23117E1,WOMEN IN GERMANY: I,GM,9:00,11:15,05-13-2020,22
647,R23102E1,GERMAN LANGUAGE V,GM,9:00,11:15,05-11-2020,41
0,AA2016E1,"OPERA STUDIES, I",GM,14:00,16:15,05-12-2020,34
59,C43512E1,GENE CONTROL III,GN,9:00,11:15,05-11-2020,111
58,C43511E1,GENETICS AND EVOLUTION III,GN,14:00,16:15,05-11-2020,55
57,C42307E1,ECOLOGICAL GENETICS II,GN,14:00,16:15,05-12-2020,12
56,C42306E1,BIOMETRY II,GN,9:00,11:15,05-11-2020,14
55,C42304E1,GENETIC ENINEERING & GENE ORG.II (L),GN,11:30,13:45,05-11-2020,33
54,C41101E1,INTRODUCTION TO HUMAN GENETICS I,GN,9:00,11:15,05-11-2020,26
697,V12119E1,"THE MED WORLD, 1ST CRUSADE - BLACK DEATH",HI,14:00,16:15,05-13-2020,7
713,V13119E1,ORIGINS & DEV OF RED ARMY BEFORE 1941,HI,14:00,16:15,05-11-2020,37
714,V13125E1,"HIST EXPLAN & POLIT IDEOL, LIBER/SOCIALI",HI,14:00,16:15,05-11-2020,63
715,V13152E1,CHRN & COM:URB LIFE IN ELY MED LOMBARDY,HI,11:30,13:45,05-11-2020,67
716,V13155E1,ANGLO-SAXON ENGLAND: BEDE TO ALFRED,HI,11:30,13:45,05-11-2020,106
717,V13159E1,THE REIGN OF RICHARD II:PART I,HI,11:30,13:45,05-11-2020,60
718,V13163E1,THE CAUSES OF THE CIVIL WARS 1629-1640,HI,9:00,11:15,05-12-2020,64
719,V13169E1,"THE INDUSTR REVOL, SOC CHANGE & CONFLICT",HI,11:30,13:45,05-12-2020,38
720,V13173E1,EMERG OF WORK CLASS POLIT IN FR 1750-30,HI,11:30,13:45,05-11-2020,97
721,V13177E1,STALINISMI:DOM POLTCS & INTERNAT RELS,HI,14:00,16:15,05-12-2020,50
722,V13181E1,"THE COLLAPSE OF TSARISM, 1914 - 1917",HI,14:00,16:15,05-11-2020,66
723,V13185E1,THE CHALLENGE OF FASCISM,HI,11:30,13:45,05-12-2020,47
696,V12116E1,THE ETERNAL CITY:ROME IN MIDDLE AGES,HI,9:00,11:15,05-12-2020,34
726,V13296E1,RELIGION & SOCIETY IN LATE-MEDIE ENGLAND,HI,9:00,11:15,05-11-2020,59
712,V13111E1,"TRANS TO DEMOC IN BRIT 1830-70, CARLYLE",HI,16:30,18:45,05-11-2020,44
725,V13214E1,FRANCE IN THE BELLE EPOQUE. IMAGE & REAL,HI,9:00,11:15,05-11-2020,44
711,V13108E1,THE EXPANSION OF RUSSIA 1801-78,HI,11:30,13:45,05-11-2020,68
709,V13104E1,IMGE OF FEM PWR IN EARLY MED EUROPE,HI,9:00,11:15,05-12-2020,67
695,V12115E1,BARBARIAN SOCIETIES IN THE WEST 600-900A,HI,14:00,16:15,05-12-2020,26
694,V11111E1,THE AGE OF IMPERIALISM & WAR 1871-1945,HI,14:00,16:15,05-12-2020,39
693,V11109E1,INDUSTRIAL & POLITICAL REVOLUT 1750-1871,HI,16:30,18:45,05-11-2020,6
692,V11107E1,THE RISE OF THE WEST: EUR SOC 1500-1789,HI,9:00,11:15,05-12-2020,1
4,AAA022E1,THE SOVIET POLITICAL SYSTEM,HI,16:30,18:45,05-13-2020,8
5,AAA024E1,SOVIET FOREIGN POLICY,HI,9:00,11:15,05-12-2020,4
691,V11105E1,EUROPE IN THE HIGH MIDDLE AGES 1200-1350,HI,9:00,11:15,05-15-2020,1
690,V11103E1,THE BIRTH OF EUROPE A.D. 500-900,HI,14:00,16:15,05-14-2020,1
698,V12121E1,CONSTIT & COMMUNITY IN ENGLAND 1216-1330,HI,14:00,16:15,05-12-2020,24
710,V13105E1,"RELIGION, CLASS & POLITICS 1791-1867",HI,11:30,13:45,05-11-2020,6
699,V12123E1,TUDOR ENGLAND 1485-1603,HI,9:00,11:15,05-13-2020,16
701,V12129E1,RURAL ENGLAND 1750-1914,HI,16:30,18:45,05-12-2020,23
702,V12131E1,PRUSSIA AND AUSTRIA 1740-1848,HI,16:30,18:45,05-11-2020,33
703,V12135E1,REVOLUTION IN 18TH CENTURY FRANCE,HI,11:30,13:45,05-12-2020,31
704,V12139E1,"THE AGE OF PROG, THE ECON & SOC HIST OF.",HI,9:00,11:15,05-11-2020,25
705,V12143E1,RUSSIAN STATE & SOCIETY 1855-1917,HI,14:00,16:15,05-11-2020,6
706,V12148E1,RIVAL OF NATS & CONFL OF NATIONS 1871-14,HI,16:30,18:45,05-13-2020,5
707,V13101E1,"REGION & THE NATION, E MIDLAND FROM 1700",HI,14:00,16:15,05-11-2020,62
708,V13103E1,POP CULT IN EARLY IND ENG 1780-1850,HI,14:00,16:15,05-11-2020,58
700,V12127E1,AGE OF ENLIGHTEN. POLITE SOC IN 18 C ENG,HI,11:30,13:45,05-14-2020,7
724,V13197E1,"ENGLAND, SCOTLAND & THE UNION 1603-1707",HI,9:00,11:15,05-12-2020,57
404,L11101E1,QUANTITATIVE METHODS 1A,IE,14:00,16:15,05-14-2020,0
550,N1B406E1,MARKETING STRATEGY,IE,11:30,13:45,05-11-2020,52
552,N1B408E1,"RISK, INFORMATION & INSURANCE",IE,16:30,18:45,05-13-2020,13
534,N11102E1,THE ECONOMIC ANALYSIS OF MARKETS,IE,11:30,13:45,05-14-2020,2
551,N1B407E1,PUBLIC CHOICE & ECONOMIC POLICY-MAKING,IE,9:00,11:15,05-14-2020,6
537,N12403E1,FINANCIAL MANAGEMENT,IE,9:00,11:15,05-11-2020,6
553,N1B409E1,RISK MANAGEMENT DECISIONS,IE,11:30,13:45,05-13-2020,5
554,N1B410E1,STRATEGIC MANAGEMENT I,IE,16:30,18:45,05-11-2020,13
555,N1B420E1,UNDERSTANDING BUYER BEHAVIOUR,IE,9:00,11:15,05-11-2020,16
556,N1B422E1,FINANCIAL FRAUD AND CORRUPTION,IE,11:30,13:45,05-12-2020,34
538,N13301E1,FINANCIAL ANALYSIS,IE,9:00,11:15,05-12-2020,26
539,N13302E1,FINANCIAL MARKETS,IE,14:00,16:15,05-12-2020,33
540,N13303E1,INDUSTRIAL ORGANISATION I,IE,16:30,18:45,05-12-2020,9
541,N13304E1,MANAGEMENT & ORGANISATIONS,IE,9:00,11:15,05-13-2020,31
542,N13305E1,OPERATIONS RESEARCH I,IE,16:30,18:45,05-13-2020,7
459,L83115E1,ECONOMIC ASPECTS OF THE USSR & E EUROPE,IE,11:30,13:45,05-12-2020,13
543,N1A104E1,INTRO.TO MANAGERIAL ECONOMICS,IE,14:00,16:15,05-12-2020,13
544,N1A110E1,INTRODUCTION TO MANAGEMENT,IE,9:00,11:15,05-12-2020,14
545,N1A402E1,INTRODUCTION TO FINANCIAL ACCOUNTING,IE,11:30,13:45,05-12-2020,26
546,N1B201E1,MODERN FIRMS AS HIERARCHIES,IE,9:00,11:15,05-12-2020,2
547,N1B202E1,MODERN FIRMS AS TEAMS,IE,16:30,18:45,05-12-2020,10
549,N1B405E1,MANAGEMENT ACCOUNTING & DECISIONS II,IE,14:00,16:15,05-11-2020,17
548,N1B404E1,INDUSTRIAL RELATIONS I,IE,14:00,16:15,05-12-2020,10
535,N11103E1,FINANCIAL ACCOUNTING,IE,11:30,13:45,05-13-2020,3
536,N12203E1,PRICING IN THEORY & PRACTICE,IE,14:00,16:15,05-13-2020,3
38,C12328E1,INSECTS & AGRICULTURE,LE,14:00,16:15,05-12-2020,8
45,C13563E1,MOLECULAR & CELLULAR NEUROBIOLOGY,LE,11:30,13:45,05-12-2020,68
61,C71101E1,CELL STRUCTURE & METABOLISM (L),LE,9:00,11:15,05-12-2020,16
53,C1P001E1,TISSUE CULT:SEX & SOMATIC GENE FOR PL IM,LE,9:00,11:15,05-11-2020,115
52,C13573E1,EVOLUTIONARY ECOLOGY,LE,11:30,13:45,05-11-2020,57
51,C13572E1,CELL & MOLECULAR BIOLOGY OF THE NEURONE,LE,14:00,16:15,05-11-2020,84
50,C13571E1,MOLECULAR BIOLOGY OF ION CHANNELS,LE,11:30,13:45,05-11-2020,69
49,C13569E1,FUNDAMENTAL & APP ASPS OF PLNT GEN MAN,LE,16:30,18:45,05-11-2020,0
39,C12329E1,NEUROBIOLOGY,LE,16:30,18:45,05-12-2020,40
48,C13567E1,APPLIED MICROBIOLOGY,LE,11:30,13:45,05-11-2020,85
40,C12331E1,GENE MANIPULATION,LE,9:00,11:15,05-12-2020,40
41,C12332E1,ENVIRONMENTAL MICROBIOLOGY,LE,16:30,18:45,05-12-2020,27
42,C12333E1,GENETICS OF CROP PLANTS,LE,16:30,18:45,05-11-2020,67
46,C13564E1,ECOTOXICOLOGY,LE,9:00,11:15,05-11-2020,69
44,C13562E1,PARASITE IMMUNOLOGY,LE,16:30,18:45,05-11-2020,15
43,C12338E1,ECOLOGY,LE,9:00,11:15,05-13-2020,36
47,C13565E1,EVOLUTION & BEHAVIOUR,LE,16:30,18:45,05-11-2020,4
32,C11101E1,ANIMAL FORM AND FUNCTION,LE,14:00,16:15,05-11-2020,21
37,C12327E1,CONSERVATION BIOLOGY & BIOGEOGRAPHY,LE,11:30,13:45,05-12-2020,29
35,C12324E1,PARASITOLOGY,LE,9:00,11:15,05-12-2020,21
34,C12321E1,ANIMAL BEHAVIOUR,LE,16:30,18:45,05-11-2020,29
557,Q13013E1,SOCIOLINGUISTICS 1,LT,9:00,11:15,05-11-2020,106
558,Q13017E1,BILLINGUALISM 1,LT,11:30,13:45,05-11-2020,79
531,M3B057E1,THE LAW OF DOMESTIC SALES,LW,14:00,16:15,05-13-2020,18
530,M3B055E1,FOUNDATIONS OF PUBLIC INTERNATIONAL LAW,LW,11:30,13:45,05-12-2020,21
369,J1C119E1,PROJECT MANAGEMENT & LEGISLATION,LW,11:30,13:45,05-12-2020,48
533,M3B066E1,LAW OF THE EURO UNI:CONSTIT & CITIZENSHP,LW,16:30,18:45,05-11-2020,16
532,M3B062E1,WELFARE LAW,LW,16:30,18:45,05-13-2020,15
511,M31001E1,LEGAL SYSTEM,LW,9:00,11:15,05-14-2020,9
513,M31012E1,THE LAW OF CONTRACT A,LW,16:30,18:45,05-13-2020,6
514,M33036E1,CONFLICT OF LAWS,LW,11:30,13:45,05-11-2020,58
515,M33042E1,LAW OF EVIDENCE,LW,9:00,11:15,05-13-2020,29
517,M33059E1,LAW OF TRADE FINANCE,LW,11:30,13:45,05-13-2020,13
512,M31006E1,INTRODUCTION TO LEGAL STUDY,LW,14:00,16:15,05-11-2020,5
519,M33064E1,ENERGY LAW AND POLICY,LW,14:00,16:15,05-12-2020,45
529,M3B049E1,CLASSICAL LEGAL THEORY,LW,11:30,13:45,05-11-2020,59
518,M33060E1,TAX LAW A,LW,16:30,18:45,05-12-2020,21
527,M3B034E1,LAW OF BUSINESS ORGANISATIONS,LW,11:30,13:45,05-11-2020,40
526,M3B031E1,COMPARATIVE CIVIL LIBERTIES,LW,9:00,11:15,05-11-2020,13
525,M3B030E1,JUDICIAL REVIEW,LW,11:30,13:45,05-13-2020,4
528,M3B043E1,FAMILY LAW,LW,9:00,11:15,05-12-2020,25
522,M3A010E1,CONSTITUTIONAL LAW A,LW,11:30,13:45,05-15-2020,0
521,M3A002E1,LAWYERS & COURTS - ACCESS & JUSTICE,LW,16:30,18:45,05-11-2020,52
520,M33074E1,MERGER LAW,LW,11:30,13:45,05-11-2020,20
524,M3A019E1,COMMON LAW A,LW,16:30,18:45,05-13-2020,9
190,G111MCE1,MATHS & SOC FROM COP TO HAWKING,MA,11:30,13:45,05-11-2020,24
203,G13AL4E1,FINITE GROUP THEORY,MA,9:00,11:15,05-13-2020,33
202,G12ST1E1,STATISTICAL INFERENCE,MA,11:30,13:45,05-12-2020,24
201,G12PR1E1,PROBABILITY TECHNIQUES,MA,14:00,16:15,05-12-2020,14
200,G12MM1E1,MATHEMATICAL METHODS,MA,9:00,11:15,05-12-2020,12
198,G12AN1E1,COMPLEX ANALYSIS,MA,16:30,18:45,05-11-2020,32
196,G11PR1E1,PROBABILITY,MA,14:00,16:15,05-11-2020,8
195,G11MA2E1,SPECIAL TOPICS,MA,9:00,11:15,05-11-2020,64
194,G11MA1E1,INTRODUCTORY TECHNIQUES AND CONCEPTS,MA,14:00,16:15,05-14-2020,2
193,G11AS1E1,STATISTICAL METHODS 1,MA,9:00,11:15,05-14-2020,3
192,G111VBE1,VECTORS AND MATRICES 1B,MA,9:00,11:15,05-11-2020,21
191,G111VAE1,VECTORS AND MATRICES 1A,MA,14:00,16:15,05-13-2020,9
204,G13AN4E1,MEASURE & INTEGRATION,MA,14:00,16:15,05-12-2020,47
197,G12AL1E1,LINEAR ALGEBRA,MA,14:00,16:15,05-11-2020,23
205,G13AS5E1,MEDICAL STATISTICS,MA,9:00,11:15,05-13-2020,5
199,G12ME1E1,CLASSICAL MECHANICS,MA,9:00,11:15,05-11-2020,31
207,G13CS2E1,STRUCTURED PROGRAMMING 2,MA,9:00,11:15,05-12-2020,47
188,G111GAE1,GENERAL MATHEMATICS 1A,MA,14:00,16:15,05-12-2020,25
187,G111DGE1,DISCRETE MATHEMATICS 1G,MA,11:30,13:45,05-12-2020,36
186,G111CCE1,INTRODUCTORY CALCULUS 1C,MA,9:00,11:15,05-11-2020,15
185,G111ACE1,ALGEBRA 1C,MA,11:30,13:45,05-11-2020,26
206,G13CM2E1,ALGORITHMIC GRAPH THEORY,MA,16:30,18:45,05-11-2020,17
189,G111GBE1,GENERAL MATHEMATICS 1B,MA,14:00,16:15,05-12-2020,40
216,G13ST3E1,FURTHER LINEAR STATISTICAL MODELS,MA,16:30,18:45,05-12-2020,44
217,G13ST6E1,TIME SERIES AND FORECASTING,MA,11:30,13:45,05-11-2020,16
214,G13RE2E1,SPECIAL RELATIVITY,MA,11:30,13:45,05-12-2020,11
213,G13RE1E1,DIFFERENTIAL GEOMETRY,MA,11:30,13:45,05-11-2020,47
212,G13QT1E1,QUANTUM THEORY,MA,14:00,16:15,05-12-2020,30
211,G13PR2E1,PROBABILITY THEORY,MA,16:30,18:45,05-12-2020,41
210,G13MM2E1,DIFFERENTIAL EQUATIONS,MA,14:00,16:15,05-11-2020,40
209,G13LO1E1,LOGIC,MA,9:00,11:15,05-11-2020,12
208,G13LA1E1,HILBERT SPACE,MA,14:00,16:15,05-11-2020,51
215,G13SP2E1,APPLIED PROBABILITY,MA,9:00,11:15,05-12-2020,36
60,C52303E1,MEDICAL MICROBIOLOGY,MB,11:30,13:45,05-12-2020,66
33,C11105E1,MICROBIOLOGY,MB,14:00,16:15,05-12-2020,29
264,H3BMDYE1,MACHINE DYNAMICS,ME,14:00,16:15,05-11-2020,12
265,H3BMS2E1,MECHANICS OF SOLIDS 2,ME,16:30,18:45,05-12-2020,14
266,H3CDMSE1,DYNAMICS OF MECHANICAL SYSTEMS,ME,14:00,16:15,05-13-2020,17
272,H3CPOEE1,POLYMER ENGINEERING,ME,16:30,18:45,05-11-2020,11
273,H3CTSEE1,THERMAL SYSTEMS ENGINEERING,ME,9:00,11:15,05-11-2020,51
263,H3BFM2E2,FLUID MECHANICS 2,ME,9:00,11:15,05-13-2020,11
271,H3CNUEE1,NUCLEAR ENGINEERING,ME,9:00,11:15,05-12-2020,6
270,H3CMECE1,MECHATRONICS,ME,16:30,18:45,05-13-2020,17
269,H3CFRCE1,FIBRE REINFORCED COMPOSITES ENGINEERING,ME,11:30,13:45,05-13-2020,1
328,H8C019E1,ENVIRONMENTAL ENGINEERING I,ME,11:30,13:45,05-11-2020,21
262,H3BFM2E1,FLUID MECHANICS 2,ME,9:00,11:15,05-12-2020,29
268,H3CFM3E1,FLUID MECHANICS 3,ME,9:00,11:15,05-11-2020,76
257,H31ENCE1,ENGINEERING COMPUTATION,ME,11:30,13:45,05-12-2020,62
260,H3AFM1E1,FLUIDS MECHANICS 1,ME,11:30,13:45,05-13-2020,21
113,EN00P3E1,THERMAL SCIENCE A,ME,14:00,16:15,05-12-2020,62
267,H3CENIE1,ELEMENTS OF NOISE INVESTIGATION,ME,11:30,13:45,05-12-2020,4
258,H33CONE1,CONTROL,ME,14:00,16:15,05-12-2020,16
367,J1C112E1,AIR POLLUTION,MI,16:30,18:45,05-11-2020,54
356,J1A202E1,BEHAVIOUR OF MATERIALS,MI,9:00,11:15,05-12-2020,63
355,J1A112E1,INTRODUCTION TO THE MINERALS INDUSTRY,MI,11:30,13:45,05-11-2020,77
357,J1A203E1,CAD/COMPUTING,MI,9:00,11:15,05-11-2020,46
358,J1B109E1,SITE INVESTIGATION I,MI,14:00,16:15,05-11-2020,65
359,J1B111E1,HYDROGEOLOGY,MI,9:00,11:15,05-11-2020,65
360,J1B113E1,ENVIRONMENTAL MONITORING,MI,11:30,13:45,05-12-2020,53
361,J1B115E1,MINE SERVICES A,MI,11:30,13:45,05-12-2020,39
372,J1C205E1,ROCK & EXCAVATION MECHANICS,MI,14:00,16:15,05-11-2020,41
368,J1C116E1,MINING LAW & PLANNING,MI,16:30,18:45,05-11-2020,61
371,J1C125E1,MINING METHODS,MI,11:30,13:45,05-11-2020,88
370,J1C122E1,UNDERGROUND MINE ENVIRONMENTAL ENG II,MI,9:00,11:15,05-12-2020,70
363,J1B117E1,RESOURCE GEOLOGY,MI,9:00,11:15,05-12-2020,48
362,J1B116E1,MINERALS ENGINEERING I,MI,14:00,16:15,05-12-2020,54
352,J1A102E1,FLUID MECHANICS,MI,11:30,13:45,05-12-2020,44
364,J1B203E1,MINING FINANCE II & MINE MANAGEMENT,MI,16:30,18:45,05-12-2020,45
365,J1C106E1,EXPLORATION & RESERVE ESTIMATION,MI,9:00,11:15,05-11-2020,77
366,J1C111E1,WASTE DISPOSAL,MI,16:30,18:45,05-12-2020,36
373,J1C227E1,ENVIRONMENTAL GEOLOGY,MI,9:00,11:15,05-11-2020,78
353,J1A110E1,APPLIED ELECTRICITY,MI,14:00,16:15,05-12-2020,0
378,J5BSMAE1,SYNTHESIS OF MATERIALS,MT,9:00,11:15,05-11-2020,47
112,EN00P1E1,"LIGHT,WAVES AND ELECTRONS A",MT,11:30,13:45,05-12-2020,54
291,H71EMPE1,ENGINEERING MATERIALS & PROCESSES,MT,11:30,13:45,05-12-2020,52
314,H7CSURE1,SURFACE PROCESSING,MT,9:00,11:15,05-13-2020,37
322,H8A009E1,CHEMICAL PROCESS ENGINEERING I,MT,11:30,13:45,05-11-2020,83
382,J5CMUSE1,MATERIALS UNDER STRESS,MT,11:30,13:45,05-12-2020,20
261,H3BDM3E1,"DESIGN, MANUFACTURE AND MATERIALS 3",MT,11:30,13:45,05-12-2020,10
381,J5CCRME1,CONSERVATION OF MATERIALS,MT,14:00,16:15,05-12-2020,31
380,J5CCCEE1,CORROSION CONTROL ENGINEERING,MT,16:30,18:45,05-12-2020,30
256,H31DM1E1,"DESIGN, MANUFACTURE AND MATERIALS 1",MT,14:00,16:15,05-12-2020,46
235,H21B00E1,PRELIMINARY STUDIES,MT,16:30,18:45,05-12-2020,35
379,J5BSTME1,STRENTH AND TOUGHNESS OF MATERIALS,MT,14:00,16:15,05-11-2020,25
377,J5BORME1,"OPTOELECTRONIC & RELATED MATERIALS, PRIN",MT,11:30,13:45,05-11-2020,63
376,J52EMME1,ENGINEERING MATERIALS MANUFACTURE,MT,9:00,11:15,05-12-2020,42
375,J51R01E1,PROPERTIES OF MATERIALS,MT,9:00,11:15,05-12-2020,35
374,J51IMAE1,INTRODUCTION TO MATERIALS A,MT,11:30,13:45,05-12-2020,35
111,EN00C1E1,CHEMISTRY A,MT,9:00,11:15,05-12-2020,65
114,EN00P5E1,BASIC ENGINEERING MECHANICS A,MT,14:00,16:15,05-11-2020,60
255,H31BDAE1,BASIC DESIGN ANALYSIS,MT,9:00,11:15,05-12-2020,50
799,W32H16E1,20TH CENTURY STRY STUDIES: MUSIC 1900-1,MU,16:30,18:45,05-11-2020,68
798,W32H14E1,BAROQUE STUDIES: VOCAL & INSTRUMENTAL,MU,11:30,13:45,05-11-2020,25
794,W31A12E1,HISTORICAL AND CRITICAL APPROACHES,MU,14:00,16:15,05-12-2020,23
795,W32C10E1,PERFORMANCE: HISTORY AND ANALYSIS,MU,9:00,11:15,05-12-2020,49
796,W32F10E1,INTRO TO NOTATION AND TRANSCRIPTION,MU,14:00,16:15,05-11-2020,45
797,W32H10E1,RENAISSANCE STUDIES: SACRED MUSIC,MU,11:30,13:45,05-12-2020,45
36,C12325E1,CANCER BIOLOGY,PA,14:00,16:15,05-11-2020,22
154,F311M1E1,MECHANICS 1,PC,11:30,13:45,05-14-2020,6
167,F321Q9E1,QUANTUM MECHANICS,PC,16:30,18:45,05-12-2020,32
166,F321Q6E1,QUANTUM PHYSICS II,PC,11:30,13:45,05-12-2020,63
165,F321Q2E1,QUANTUM PHYSICS 2,PC,14:00,16:15,05-12-2020,18
164,F321M1E1,MATHEMATICAL PHYSICS,PC,16:30,18:45,05-12-2020,42
163,F321E4E1,LINEAR ELECTRONICS,PC,11:30,13:45,05-11-2020,73
162,F321C6E1,"INTERFACING, COMPUTING & INSTRUMENTATION",PC,9:00,11:15,05-11-2020,70
161,F311Z1E1,AC THEORY,PC,16:30,18:45,05-14-2020,2
160,F311X4E1,NORMAL & PARANORMAL SCIENCE,PC,11:30,13:45,05-13-2020,25
156,F311T1E1,HEAT & PROPERTIES OF MATTER,PC,16:30,18:45,05-13-2020,2
158,F311X1E1,THE UNIVERSE FROM PARTICLES TO GALAXIES,PC,11:30,13:45,05-11-2020,3
157,F311V1E1,PHYSICS OF THE ENVIRONMENT,PC,9:00,11:15,05-12-2020,13
155,F311Q1E1,QUANTUM PHYSICS 1,PC,16:30,18:45,05-12-2020,17
168,F321S6E1,SOLID STATE PHYSICS & PROPERT. OF MATTER,PC,16:30,18:45,05-11-2020,42
150,F311A1E1,ASTRONOMY,PC,9:00,11:15,05-13-2020,12
151,F311B1E1,BIOPHYSICS,PC,11:30,13:45,05-12-2020,5
152,F311E1E1,ELECTRONICS 1,PC,9:00,11:15,05-14-2020,0
153,F311M0E1,APPLICATIONS OF MATHEMATICS,PC,14:00,16:15,05-14-2020,6
159,F311X2E1,THE ENVIRONMENT,PC,14:00,16:15,05-13-2020,10
169,F321T2E1,THERMAL PHYSICS,PC,11:30,13:45,05-12-2020,14
176,F331Q3E1,QUANTUM PHYSICS III,PC,9:00,11:15,05-12-2020,30
171,F321Z3E1,VECTOR ANALYSIS & ELECTROMAGNETISM 1,PC,16:30,18:45,05-11-2020,26
170,F321T6E1,THERMAL PHYSICS & STATISTICAL MECHANICS,PC,11:30,13:45,05-13-2020,18
184,F3B1X4E1,ASTROPHYSICS,PC,14:00,16:15,05-11-2020,33
183,F3B1B3E1,MEDICAL PHYSICS,PC,14:00,16:15,05-11-2020,61
181,F331Z4E1,ELECTROMAGNETISM II,PC,11:30,13:45,05-11-2020,10
180,F331X5E1,APPLIED THERMAL PHYSICS,PC,14:00,16:15,05-11-2020,28
179,F331X3E1,ADVANCED MECHANICS,PC,14:00,16:15,05-11-2020,69
182,F331Z8E1,PURE & APPLIED ELECTRICITY & MAGNETISM,PC,11:30,13:45,05-11-2020,87
177,F331S2E1,ELECTRONS IN SOLIDS,PC,16:30,18:45,05-12-2020,43
175,F331O6E1,PHYSICAL AND APPLIED OPTICS,PC,9:00,11:15,05-11-2020,34
174,F331N6E1,RELATIVITY & LOW ENERGY NUCLEAR PHYSICS,PC,16:30,18:45,05-12-2020,38
173,F331N3E1,NUCLEAR PHYSICS III,PC,9:00,11:15,05-13-2020,32
172,F331M9E1,ELECTROMAGNETIC WAVES,PC,9:00,11:15,05-11-2020,85
178,F331S9E1,SOLID STATE PHYSICS (APPLIED)III,PC,11:30,13:45,05-13-2020,16
313,H7CSIME1,MODELLING & SIMULATION,PE,14:00,16:15,05-13-2020,23
306,H7CFAME1,FLEXIBLE AUTOMATED MANUFACTURE,PE,9:00,11:15,05-12-2020,28
312,H7CSERE1,MANAGING SERVICE OPERATIONS,PE,14:00,16:15,05-12-2020,44
311,H7CORGE1,ORGANIZATION & WORK,PE,14:00,16:15,05-11-2020,20
310,H7CMSGE1,MANUFACTURING STRATEGY,PE,11:30,13:45,05-12-2020,3
309,H7CLASE1,OPTICS & LASERS IN ENGINEERING,PE,14:00,16:15,05-11-2020,42
308,H7CHCME1,HUMAN CENTRED MANUFACTURING,PE,9:00,11:15,05-13-2020,8
307,H7CFOOE1,FOOD PROCESSING & MANUFACTURE,PE,16:30,18:45,05-12-2020,46
305,H7CEPDE1,ERGONOMICS & PRODUCT DESIGN,PE,11:30,13:45,05-11-2020,17
296,H72IRNE1,INDUSTRIAL RELATIONS,PE,9:00,11:15,05-13-2020,10
303,H7CAMFE1,ADVANCED METAL FORMING,PE,14:00,16:15,05-12-2020,32
292,H71IWEE1,"INDUSTRIAL ENG, WORK DESIGN & ERGONOMICS",PE,9:00,11:15,05-12-2020,18
293,H71MIPE1,MANAGEMENT IN PRACTICE,PE,9:00,11:15,05-13-2020,21
294,H71MS1E1,MANUFACTURING SYSTEMS 1,PE,11:30,13:45,05-13-2020,22
295,H72ENTE1,ENTERPRISE,PE,11:30,13:45,05-12-2020,65
259,H33MI2E1,MANAGEMENT IN INDUSTRY 2,PE,16:30,18:45,05-12-2020,20
297,H72LOGE1,LOGISTICS MANAGEMENT,PE,16:30,18:45,05-11-2020,43
298,H72NNSE1,NEAR NET SHAPE MANUFACTURE,PE,11:30,13:45,05-11-2020,51
299,H7ACS1E1,COMPUTER STUDIES 1,PE,16:30,18:45,05-12-2020,24
300,H7BEGDE1,ERGONOMICS IN DESIGN,PE,11:30,13:45,05-11-2020,22
304,H7CCNGE1,CONCURRENT ENGINEERING,PE,9:00,11:15,05-11-2020,23
301,H7BMACE1,MEASUREMENT AND CONTROL,PE,16:30,18:45,05-12-2020,29
302,H7BMOQE1,MANAGEMENT OF QUALITY,PE,14:00,16:15,05-12-2020,41
14,B12303E1,BASIC MOLECULAR PHARMACOLOGY,PI,11:30,13:45,05-13-2020,32
10,B11101E1,FUNDAMENTALS OF HUMAN PHYSIOL & PHARM I,PI,9:00,11:15,05-11-2020,45
11,B11102E1,INTRODUCTORY HUMAN PHYS & PHARM I,PI,16:30,18:45,05-12-2020,11
13,B12302E1,CELL EXCITATION,PI,14:00,16:15,05-12-2020,52
17,B31101E1,PHARMACEUTICAL & BIOLOGICAL CHEMISTRY,PI,9:00,11:15,05-11-2020,100
18,B31103E1,PHARMACEUTICAL PHYSICAL CHEMISTRY,PI,11:30,13:45,05-11-2020,90
19,B31105E1,PHARMACEUTICAL MICROBIOLOGY 1,PI,16:30,18:45,05-11-2020,58
21,B32321E1,PHARMACEUTICAL MICROBIOLOGY 2,PI,16:30,18:45,05-11-2020,62
22,B32322E1,BIOPHARMACEUTICS 1,PI,9:00,11:15,05-11-2020,92
23,B32325E1,PHYTOCHEMISTRY & MEDICINAL PLANTS,PI,11:30,13:45,05-11-2020,78
20,B31107E1,PHYSIOLOGY & PHARMACOLOGY 1,PI,14:00,16:15,05-11-2020,70
25,B32327E1,PHYSIOLOGY & PHARMACOLOGY 3,PI,9:00,11:15,05-12-2020,69
26,B33541E1,MOLECULAR PHARMACOLOGY,PI,9:00,11:15,05-11-2020,83
27,B33544E1,MEDICINAL CHEMISTRY 3,PI,11:30,13:45,05-11-2020,89
28,B33545E1,ADVANCED DRUG DELIVERY PHYSIOL & ROUTES,PI,14:00,16:15,05-11-2020,68
29,B33548E1,PHARMACY PRACTICE,PI,16:30,18:45,05-11-2020,1
30,B33549E1,CLINICAL PHARMACY & THERAPEUTICS 1,PI,9:00,11:15,05-12-2020,68
24,B32326E1,MEDICINAL CHEM 1. BIO & MED. HETEROCYC.,PI,14:00,16:15,05-11-2020,78
31,B33563E1,DRUG DISCOVERY AND DEVELOPMENT,PI,11:30,13:45,05-12-2020,46
773,V7A109E1,PLATO,PL,11:30,13:45,05-12-2020,2
772,V7A107E1,DESCARTES,PL,11:30,13:45,05-11-2020,7
771,V7A105E1,INTRODUCTION TO ETHICS I,PL,9:00,11:15,05-11-2020,3
765,V73127E1,PHILOSOPHY OF LAW,PL,11:30,13:45,05-11-2020,48
769,V73MD1E1,PHILOSOPHY OF MIND 1,PL,9:00,11:15,05-13-2020,38
762,V72119E1,HUME'S THEORY OF KNOWLEDGE,PL,16:30,18:45,05-14-2020,4
768,V73233E1,INDIAN PHILOSOPHY SEMINAR,PL,14:00,16:15,05-11-2020,76
767,V73232E1,SARTRE'S EARLY PHILOSOPHY,PL,16:30,18:45,05-11-2020,45
774,V7A117E1,"FORMAL LOGIC, I",PL,14:00,16:15,05-12-2020,17
766,V73128E1,"GOD, FREEDOM AND EVIL I",PL,9:00,11:15,05-11-2020,43
775,V7A204E1,INTRODUCTION TO THE THEORY OF KNOWLEDGE,PL,16:30,18:45,05-11-2020,18
770,V7A101E1,ELEMENTARY LOGIC: I,PL,9:00,11:15,05-14-2020,1
777,V7A214E1,THE ETHICS OF HUME & KANT,PL,14:00,16:15,05-14-2020,5
761,V71101E1,ELEMENTARY LOGIC I,PL,9:00,11:15,05-11-2020,117
602,Q8B075E1,POETRY AND PHILOSOPHY IN LUCRETIUS,PL,9:00,11:15,05-11-2020,27
603,Q8B076E1,"LUCRETIUS, LIFE, UNIVERSE, EVERYTHING",PL,14:00,16:15,05-11-2020,57
764,V72AINE1,ANCIENT INDIAN PHILOSOPHY,PL,16:30,18:45,05-12-2020,2
606,Q8B341E1,THE TRAGIC BARBARIANS,PL,14:00,16:15,05-11-2020,59
595,Q8A310E1,AN INTRODUCTION TO ANCIENT PHILOSOPHY,PL,9:00,11:15,05-13-2020,9
778,V7A216E1,PHILOSOPHY OF SCIENCE,PL,9:00,11:15,05-12-2020,3
776,V7A211E1,INTRODUCTION TO POLITICAL PHILOSOPHY,PL,16:30,18:45,05-13-2020,1
763,V72121E1,"MEANING, MIND & REALITY I, WITTGENSTEIN",PL,11:30,13:45,05-14-2020,4
98,C8CXCEE1,PEOPLE & COMPUTERS IN THE WORKPLACE,PS,9:00,11:15,05-12-2020,61
101,C8CXESE1,EXPERT SYSTEMS,PS,11:30,13:45,05-11-2020,55
102,C8CXPAE1,UNDERSTANDING PATTENS OF ACTION,PS,9:00,11:15,05-11-2020,49
97,C8COUAE1,OCCUPATIONAL PSYCHOLOGY 3A: SELEC & TRAI,PS,14:00,16:15,05-11-2020,79
100,C8CXDLE1,CATS & PROCESSED IN LANGUAGES ACQUISTION,PS,16:30,18:45,05-11-2020,2
96,C83XWHE1,THE PSYCHOLOGY OF WOMEN'S HEALTH,PS,11:30,13:45,05-11-2020,49
91,C82MCPE1,CONVERSION PROGRAMME DESIGN & ANALYSIS,PS,16:30,18:45,05-11-2020,65
88,C82CUAE1,COGNITIVE PSYCHOLOGY 2A,PS,9:00,11:15,05-11-2020,20
85,C81MSAE1,STATISTICAL METHODS 1A,PS,9:00,11:15,05-15-2020,2
84,C81MJAE1,THEORY & STATS & LAB METHS FOR JOINT HON,PS,11:30,13:45,05-11-2020,102
79,C81J4AE2,INTRO TO COGNITIVE PSYCHOLOGY & AI 1A,PS,9:00,11:15,05-11-2020,52
78,C81J4AE1,INTRO TO COGNITIVE PSYCHOLOGY & AI 1A,PS,14:00,16:15,05-12-2020,1
77,C81J3AE2,"INTRO TO BIOL, DEVEL & SOCIAL PSY 1A",PS,9:00,11:15,05-12-2020,53
76,C81J3AE1,"INTRO TO BIOL, DEVEL & SOCIAL PSY 1A",PS,11:30,13:45,05-11-2020,13
75,C81J2AE2,INTRO TO BIOLOGICAL & COGNITIVE PSYCH 1A,PS,16:30,18:45,05-11-2020,41
74,C81J2AE1,INTRO TO BIOLOGICAL & COGNITIVE PSYCH 1A,PS,11:30,13:45,05-11-2020,46
73,C81J1AE2,INTRO TO BIOLOGICAL & ART INTELL,PS,11:30,13:45,05-11-2020,91
103,C8P001E1,MSC OCC PSYH/ORGANISIG HEALTH TRAINING,PS,9:00,11:15,05-11-2020,103
72,C81J1AE1,INTRO TO BIOLOGICAL & ART INTELL,PS,9:00,11:15,05-11-2020,101
68,C81IAAE1,INTRO TO ARTIFICIAL INTELLIGENCE 1A,PS,11:30,13:45,05-12-2020,30
99,C8CXCHE1,CHILD PSYCHOL 3A: DEV OF COMM,PS,14:00,16:15,05-12-2020,56
69,C81IBAE1,INTRO TO BIOLOGICAL PSYCHOLOGY 1A,PS,9:00,11:15,05-13-2020,14
104,C8P002E1,MSC OCC PSYCH/ORGAN HEATH SELEC & ASSESS,PS,14:00,16:15,05-11-2020,26
516,M33053E1,POLITICS & THE LAW A,PX,14:00,16:15,05-11-2020,16
510,M1B382E1,INTERNAT.POLITICS MIDDLE EAST 1798-1967,PX,9:00,11:15,05-12-2020,22
509,M1B380E1,"SOVIET FOREIGN POLICY,1945-1985",PX,11:30,13:45,05-13-2020,9
502,M1B355E1,FASCISM & NAZISM IN EUROPE 1918-1945,PX,11:30,13:45,05-11-2020,30
508,M1B374E1,CONCEPTS OF DEMOCRACY,PX,9:00,11:15,05-11-2020,24
507,M1B373E1,ANARCHISM,PX,16:30,18:45,05-11-2020,9
506,M1B372E1,THE CONSERVATIVE CHALLENGE,PX,11:30,13:45,05-12-2020,1
505,M1B363E1,FORMATION OF THE TRANSATLANTIC RELATIONS,PX,14:00,16:15,05-13-2020,5
503,M1B357E1,"THE MASS MEDIA, WAR & POLITICS 1856-1945",PX,9:00,11:15,05-13-2020,24
504,M1B359E1,AN INTRODUCTION TO BRITISH LOCAL GOV'T,PX,16:30,18:45,05-11-2020,28
490,M11341E1,THEORIES OF POLITICS A (LAW/POLITICS),PX,11:30,13:45,05-11-2020,74
494,M11351E1,EUROPEAN COMMUNITY STUDIES 1A,PX,11:30,13:45,05-11-2020,2
501,M1B351E1,GOVERNING INSTITUTIONS OF CONTEMP FRANCE,PX,9:00,11:15,05-14-2020,11
500,M13468E1,POWER THEORY & PUBLIC POLICY ANALYSIS,PX,9:00,11:15,05-11-2020,119
499,M13369E1,POLITICAL COMPARISONS A,PX,16:30,18:45,05-13-2020,10
498,M13367E1,DECISION THEORY & PUBLIC POLICY ANAL.,PX,11:30,13:45,05-11-2020,107
491,M11343E1,POLITICAL INSTS.& PROCESSES A (LAW/POL),PX,9:00,11:15,05-11-2020,60
492,M11345E1,THEORIES OF POLITICS A,PX,14:00,16:15,05-13-2020,1
493,M11347E1,POLITICAL INSTITUTIONS & PROCESSES (A),PX,9:00,11:15,05-13-2020,27
497,M12365E1,INTERNATIONAL RELATIONS 1,PX,14:00,16:15,05-12-2020,37
495,M11451E1,EUROPEAN COMMUNITY STUDIES 1B,PX,11:30,13:45,05-11-2020,36
496,M12353E1,POLITICAL THOUGHT FROM PLATO TO ROUSSEAU,PX,16:30,18:45,05-12-2020,19
110,D23360E1,PHYSIOL & MOLECULAR PLANT PATHOLOGY,PY,9:00,11:15,05-11-2020,93
15,B12320E1,INTEGRATED NEUROPHYSIOLOGY,PY,11:30,13:45,05-11-2020,81
16,B13103E1,NEROPEPTIDES: PAIN AND BEHAVIOUR,PY,9:00,11:15,05-11-2020,99
107,D23315E1,"BIOLOGY & SOCIETY 2, FOOD, POPULAT & HEA",PY,11:30,13:45,05-11-2020,94
7,AAA034E1,CLASSICS OF RUSSIAN LITERATURE,SL,9:00,11:15,05-11-2020,29
9,AAB058E1,RUSSIAN LANGUAGE FOR BEGINNERS 2(I),SL,11:30,13:45,05-12-2020,12
6,AAA033E1,RUSSIAN LANGUAGE FOR BEGINNERS: I(I),SL,11:30,13:45,05-11-2020,32
689,R8B032E1,SERBO-CROAT BEGINNERS 2 (I),SL,9:00,11:15,05-11-2020,88
674,R82022E1,RUSSIAN COMPOSITION & ORAL (CORE),SL,9:00,11:15,05-14-2020,10
683,R83051E1,PUSHKIN,SL,16:30,18:45,05-12-2020,39
682,R83046E1,THE 19TH C RUSSIAN NOVEL - TOLSTOI,SL,14:00,16:15,05-11-2020,27
681,R83044E1,COMPARATIVE SLAVONIC PHILOLOGY (I),SL,16:30,18:45,05-11-2020,55
680,R83043E1,POST-WAR SOVIET PROSE,SL,11:30,13:45,05-12-2020,16
679,R83038E1,RUSSIAN TRANSLATION & ORAL (I),SL,11:30,13:45,05-11-2020,37
678,R83036E1,RUSSIAN ESSAY & ORAL (I),SL,14:00,16:15,05-12-2020,9
677,R82028E1,RUSSIAN THOUGHT (MODERN PERIOD),SL,14:00,16:15,05-13-2020,19
676,R82027E1,HISTORY OF THE RUSSIAN LANGUAGE 2,SL,11:30,13:45,05-12-2020,67
675,R82025E1,20TH C RUSSIAN LITERATURE,SL,16:30,18:45,05-11-2020,30
684,R83052E1,RUSSIAN THEATRE: CHEKHOV,SL,9:00,11:15,05-11-2020,33
685,R83054E1,ADVANCED SERBO-CROAT (I),SL,14:00,16:15,05-11-2020,31
686,R83056E1,ADVANCED SLOVENE (I),SL,14:00,16:15,05-11-2020,80
687,R8A011E1,SERBO-CROAT BEGINNERS 1 (I),SL,9:00,11:15,05-11-2020,67
688,R8A013E1,SLOVENE FOR BEGINNERS 1 (I),SL,14:00,16:15,05-11-2020,71
672,R81015E1,RUSSIAN LANGUAGE INTENSIVE BEGINNERS (I),SL,11:30,13:45,05-11-2020,45
671,R81003E1,EARLY 19 CENTURY RUSSIAN PROSE,SL,9:00,11:15,05-13-2020,2
673,R81022E1,RUSSIAN GRAMMAR,SL,11:30,13:45,05-11-2020,28
670,R4B209E1,INTERMEDIATE BRAZILIAN LIT & CULTURE,SP,16:30,18:45,05-11-2020,59
669,R4B107E1,INTERMEDIATE PORTUGUESE I,SP,9:00,11:15,05-11-2020,35
668,R4A215E1,NINETEENTH CENTURY SPANISH LIT,SP,9:00,11:15,05-12-2020,33
667,R4A210E1,AN INTRODUCTION TO PORTUGUESE CULTURE,SP,16:30,18:45,05-12-2020,26
664,R4A101E1,SPANISH LANGUAGE 1,SP,9:00,11:15,05-11-2020,5
662,R43153E1,GOLDEN AGE DRAMA:REPS OF SEX & GENDER,SP,14:00,16:15,05-11-2020,75
666,R4A119E1,LIT OF THE GOLDEN AGE I (1500-1600),SP,14:00,16:15,05-12-2020,49
663,R43204E1,SPANISH DISCOURSE ANALYSIS,SP,16:30,18:45,05-11-2020,34
656,R42103E1,SPANISH LANGUAGE III,SP,16:30,18:45,05-11-2020,23
657,R42217E1,20C LATIN AMERICAN LITERATURE & FILM,SP,14:00,16:15,05-13-2020,16
665,R4A117E1,"TEXTUAL ANALYSIS OF WRITING, PAINT, FILM",SP,16:30,18:45,05-13-2020,20
659,R43148E1,LITERARY THEORY,SP,9:00,11:15,05-11-2020,98
660,R43149E1,FEDERICO GARCIA LORCA,SP,9:00,11:15,05-12-2020,45
661,R43152E1,UNAMUNO,SP,11:30,13:45,05-11-2020,72
658,R43146E1,LATIN AMERICAN POETRY & POETICS,SP,9:00,11:15,05-11-2020,66
438,L3B021E1,THE ANALYSIS OF RACE & ETHNIC RELATIONS,SS,9:00,11:15,05-11-2020,10
439,L3B026E1,HEALTH & THE ENVIRONMENT,SS,14:00,16:15,05-11-2020,11
441,L3B032E1,WOMEN & SOCIETY 1,SS,14:00,16:15,05-12-2020,15
442,L3B036E1,SYSTEMS & ACTION,SS,11:30,13:45,05-11-2020,101
443,L3B046E1,ENVIRONMENTAL POLITICS,SS,14:00,16:15,05-12-2020,38
444,L3B049E1,MAKING NEWS IN BRITAIN TODAY,SS,9:00,11:15,05-12-2020,8
445,L3B090E1,ASPECTS OF CONTEMPORARY CULTURE 2E,SS,11:30,13:45,05-13-2020,8
446,L3B100E1,HOUSING & SOCIAL POLICY,SS,9:00,11:15,05-12-2020,31
447,L3C064E1,KEY CONCEPTS IN SOCIAL POLICY,SS,11:30,13:45,05-11-2020,53
448,L3C086E1,"KNOWLEDGE,BELIEF & IDEOLOGY",SS,16:30,18:45,05-11-2020,27
440,L3B030E1,"SOVIET COMMUNISM, RISE & FALL OF 20C PHE",SS,11:30,13:45,05-12-2020,18
431,L31005E1,SOCIOLOGICAL PERSPECTIVES I,SS,11:30,13:45,05-12-2020,0
432,L31013E1,ASPECTS OF CONTEMPORARY CULTURE 1A,SS,9:00,11:15,05-13-2020,28
430,L31004E1,CONFLICT & CONTROV IN CONTEMP BRITAIN 1,SS,11:30,13:45,05-13-2020,2
433,L31073E1,DIMENSIONS OF WELFARE,SS,9:00,11:15,05-11-2020,105
434,L31097E1,CONTEMPORARY ISSUES IN SOCIAL POLICY 1,SS,9:00,11:15,05-11-2020,8
435,L31107E1,DIMENSIONS OF WELFARE: RACE AND GENDER,SS,9:00,11:15,05-14-2020,8
436,L31109E1,ASPECTS OF COMTEMPORARY CULTURE 1C,SS,16:30,18:45,05-14-2020,3
437,L3B015E1,THE HISTORY OF BRITISH SOCIAL POLICY,SS,9:00,11:15,05-13-2020,39
780,V81103E1,INTRODUCTION TO BIBLICAL HEBREW,TH,9:00,11:15,05-11-2020,68
779,V81101E1,INTRO TO THE STUDY OF THE OLD TESTAMENT,TH,11:30,13:45,05-13-2020,28
783,V81109E1,INTRODUCTION TO THE STUDY OF RELIGION,TH,11:30,13:45,05-14-2020,10
784,V81C17E1,CHRISTOLOGY,TH,9:00,11:15,05-11-2020,118
785,V82110E1,INTRO TO THE PHILOSOPHY OF RELIGION,TH,11:30,13:45,05-12-2020,28
786,V82111E1,TOPICS & TEXTS IN OLD TESTAMENT RELIGION,TH,9:00,11:15,05-13-2020,35
787,V82113E1,THE LIFE & TEACHING OF JESUS,TH,14:00,16:15,05-11-2020,83
788,V82115E1,THE PATRISTIC TRADITION,TH,16:30,18:45,05-11-2020,49
789,V82C01E1,OLD TESTAMENT HISTORIES AND LAW,TH,9:00,11:15,05-11-2020,89
790,V83119E1,"GOD, ISRAEL & THE FUTURE",TH,9:00,11:15,05-12-2020,62
791,V83123E1,THEOLOGICAL ANTHROPOLOGY,TH,14:00,16:15,05-11-2020,2
792,V83138E1,HERMENEUTICS: I,TH,11:30,13:45,05-11-2020,62
793,V83143E1,JUDAISM FROM MID AGES TO PSNT DAY I,TH,16:30,18:45,05-11-2020,5
2,AAA011E1,INTRODUCTION TO ISLAM,TH,11:30,13:45,05-12-2020,7
3,AAA013E1,INTRODUCTION TO SOCIAL ANTHROPOLOGY,TH,14:00,16:15,05-13-2020,2
781,V81105E1,INTRODUCTION TO BIBLICAL GREEK,TH,16:30,18:45,05-13-2020,11
782,V81107E1,19TH CENTURY THEOLOGY,TH,9:00,11:15,05-13-2020,18
349,HGCEMBE1,ADV. MATHS TECHS FOR ELEC & ELECTR. ENGS,TM,11:30,13:45,05-11-2020,34
348,HGCEMAE1,ADV. MATHS TECHS I FOR CHEM ENGS,TM,9:00,11:15,05-11-2020,73
347,HGBEM4E1,MATHS TECHNIQUES IN DESIGN & PRODUCTION,TM,14:00,16:15,05-11-2020,48
346,HGBEM3E1,DIFFERENTIAL EQUATIONS & CALCULUS,TM,16:30,18:45,05-11-2020,20
343,HG3S5EE1,WAVES IN FLUIDS,TM,16:30,18:45,05-12-2020,34
331,HG1EM0E1,BASIC MATHEMATICS FOR ENGINEERS,TM,14:00,16:15,05-11-2020,19
332,HG1J1AE1,CALCULUS AND DIFFERENTIAL EQUATIONS,TM,11:30,13:45,05-11-2020,75
333,HG1J1BE1,VECTOR & MATRIX ALGEBRA,TM,9:00,11:15,05-11-2020,61
334,HG1S1CE1,METHODS OF APPLIED MATHEMATICS,TM,14:00,16:15,05-11-2020,52
335,HG2J3AE1,VECTOR ANALYSIS & FOURIER SERIES,TM,11:30,13:45,05-11-2020,15
336,HG2J3BE1,LINEAR ALGEBRA & LINEAR PROGRAMMING,TM,11:30,13:45,05-12-2020,56
337,HG2J3DE1,PROBABILITY & STATISTICS,TM,9:00,11:15,05-11-2020,57
338,HG2J4AE1,ORDINARY DIFFERENTIAL EQUATIONS,TM,11:30,13:45,05-13-2020,11
339,HG2S3EE1,MECHANICS,TM,14:00,16:15,05-12-2020,57
340,HG3J5AE1,PARTIAL DIFFERENTIAL EQUATIONS (A),TM,9:00,11:15,05-13-2020,6
341,HG3J5BE1,PARTIAL DIFFERENTIAL EQUATIONS (B),TM,9:00,11:15,05-11-2020,40
350,HGCEMCE1,ADV MATHS TECHS FOR MECH ENGS,TM,11:30,13:45,05-11-2020,96
351,HGCEMME1,MATHS FOR ENGINEERING MANAGEMENT,TM,9:00,11:15,05-11-2020,9
342,HG3J5GE1,PLASMA DYNAMICS,TM,16:30,18:45,05-11-2020,38
344,HG3S5FE1,LINEAR ELASTICITY & VISCOELASTICITY,TM,11:30,13:45,05-13-2020,10
345,HGAEM2E1,INTRODUCTORY CALCULUS FOR ENGINEERS,TM,16:30,18:45,05-11-2020,24
